pts_nanoseconds,id,hamming,decision_margin,h00,h01,h02,h10,h11,h12,h20,h21,family
0,16,0,89.24189,10.834802076666165,-2.1221197588751592,493.6386369384781,1.5069210783013325,4.732515355173604,212.80725117839458,0.008754735131255915,-0.004007145447865737,tagStandard41h12
0,18,0,74.52517,9.059555310547806,-8.028061512429078,545.458998444378,0.6304608319249215,2.6679027942725213,211.50245955006886,0.004265211236911878,-0.01456508859785611,tagStandard41h12
0,19,1,85.552246,13.561768661105475,7.154023951635507,571.6537937854058,2.141231621162121,8.309154159032857,210.95240766280833,0.01202034747467783,0.01262791575938947,tagStandard41h12
0,21,0,95.807724,14.086858332090287,-5.509174427644554,623.8240418343033,2.478907898553502,3.6715258054376814,210.36664670663478,0.011889584738227797,-0.009020251549725175,tagStandard41h12
0,22,0,99.99513,11.001730972429186,6.581974913624888,650.0003473093362,1.332623499670718,7.810639332032849,210.33985233672874,0.006543352343535139,0.01004947910792548,tagStandard41h12
0,23,0,115.18489,3.3364212798479675,-6.945760000306336,676.3390581667188,-0.9767431542888398,3.6453360718080035,209.9257470318204,-0.00475856886090184,-0.010329933886695508,tagStandard41h12
0,24,0,106.38139,0.5176753669580859,-13.532950955780507,702.6770839140255,-1.8520167770359135,1.744129260274008,209.58939119311248,-0.008819587761389488,-0.0194815168246608,tagStandard41h12
0,25,0,111.70897,15.358827560580837,12.643279999041168,729.5219773268615,2.402176078647416,9.39795315755245,209.58383018548966,0.011889280864145174,0.017067668448401827,tagStandard41h12
0,26,0,121.356476,17.158023627195917,2.5593669478949983,755.9779877153833,2.873737299503177,6.333536212976782,209.18603171501044,0.0137053849561065,0.0030254486621203685,tagStandard41h12
0,60,1,92.02444,-4.670165021152741,0.2815698117381663,466.9035730383394,-5.590796376537468,5.912163807665423,235.42720660224063,-0.02396646313605465,0.0012183776209122254,tagStandard41h12
0,62,0,102.2657,0.5714452509782861,1.637779865499283,519.10995232298,-2.935185893187877,6.391292734773344,234.4771679947328,-0.0116708758076475,0.0034237836382986792,tagStandard41h12
0,63,0,97.0142,-2.339966137364286,-2.269338054945933,545.1744572063284,-4.021203092423376,4.807698637993327,233.81063665094973,-0.016548797458407295,-0.004027236622889121,tagStandard41h12
0,64,0,78.98013,-6.668871833824029,-3.9233378640268475,571.2277033616459,-5.6526474713106145,4.2588412909343285,233.2512844711237,-0.02336602109790476,-0.006670231882845271,tagStandard41h12
0,65,0,110.42599,11.294572928071261,6.80913125864083,597.7821666406084,1.9935342982615236,8.249472725858567,233.0152279205961,0.007657548448823679,0.011377965811602294,tagStandard41h12
0,66,0,105.49204,2.115653149845344,7.576475509391798,624.024607806342,-1.7264411136164302,8.413451438261319,233.16440842320162,-0.007326290421932021,0.012021046684239213,tagStandard41h12
0,67,0,109.317444,0.70738354494472,9.94149305332985,650.3994056380118,-2.114526684824851,9.212827284419546,233.11049726760368,-0.009096142008103278,0.015056425288201756,tagStandard41h12
0,68,0,104.75583,0.1310162839705538,9.330610040741476,676.7451247429314,-2.2831447196787726,8.920816957933766,232.97633819048002,-0.009755200364979526,0.013672571613945856,tagStandard41h12
0,70,1,104.68733,33.37150547803594,1.4435008702320107,730.3956922084695,8.33704450054654,6.056285948193476,232.3287604393679,0.03638733198777761,0.0017354046480434267,tagStandard41h12
0,71,0,105.35043,-14.629020691768803,-13.187712865549882,756.7483790221971,-6.495974624504186,1.7078735869309876,231.8567321940849,-0.028417651590876888,-0.017583785995458626,tagStandard41h12
0,72,0,112.90135,20.105166587828986,-26.218055131355417,783.782217102935,4.102648178770977,-2.156393567515835,232.17112584961998,0.016999616533127305,-0.03392362854165145,tagStandard41h12
0,105,0,109.532684,3.7575090724558313,-8.897322764436637,466.1567839722549,-1.6132610170918156,0.8748745923492722,257.69244402362267,-0.006046604981926587,-0.018761685317406997,tagStandard41h12
0,106,0,108.0813,0.3861540630477974,-0.6870625651085902,492.34250433524477,-3.254569020571466,5.370867458058115,257.2385004513393,-0.012399007605747508,-0.0011025534205999594,tagStandard41h12
0,107,0,112.83995,6.705762483339641,7.295659566493213,518.6178130168321,-0.24078929298849402,9.37800812044199,256.91491502575195,0.000014871417010932001,0.014562477116039356,tagStandard41h12
0,108,0,104.45097,6.330762005174506,3.3212952381468304,545.0114920084518,-0.5078778617798312,7.129614298793598,256.49205333905564,-0.0009044648040325579,0.006203819322765196,tagStandard41h12
0,109,0,109.2178,6.8503563977627655,-3.785570221412855,571.3576262286409,-0.1116929110255564,4.095344541684312,255.8081706715734,0.0002831062220160982,-0.0065428014855394455,tagStandard41h12
0,110,0,94.65526,11.439663419162116,-7.031113391724377,597.8897854670978,1.9084804430790432,2.856171171806181,255.49218208088251,0.007838102266900352,-0.011616421308571453,tagStandard41h12
0,111,0,114.55309,6.405455156225115,-8.04366776225163,624.4428255886088,-0.1250633707017525,2.3363543764309043,255.42386564965057,-0.00037745181773588346,-0.012980391586011808,tagStandard41h12
0,112,0,106.34627,7.04506948183075,-10.220925850172534,650.8842594892832,0.07965949609672426,1.6144292070015354,255.44283373087796,0.00035107139196932505,-0.01603224381861512,tagStandard41h12
0,114,0,113.34136,6.214749084833786,10.96049612088018,704.2167188815852,-0.25542162745921243,9.592834933477263,255.51473527902837,-0.0007690008146786953,0.01529841524187614,tagStandard41h12
0,115,0,112.2178,-8.547556679373884,3.43416082146348,731.0390528730289,-5.4864314365945,6.85043802743897,255.26224705768445,-0.021000019686612796,0.004324233571956822,tagStandard41h12
0,116,0,114.548584,6.62315069687179,4.689785334425209,758.0125952875321,-0.07097464230139304,7.377750609505199,255.14999619768068,-0.00030928903975580864,0.005895141999691302,tagStandard41h12
0,117,0,118.25778,-1.0512434984580084,-12.954630903242105,784.8688641644729,-2.494113706496364,1.4410624077648324,255.2058863941581,-0.010092596149473687,-0.01693753882461982,tagStandard41h12
0,150,0,89.22807,-1.3531179322183104,2.2629064465073156,465.2063841565856,-4.919134895222213,7.399064461021397,280.6296643896387,-0.017231053156053527,0.005274143801550086,tagStandard41h12
0,151,0,97.00251,25.241527582156664,-1.847620246603245,492.0553320568267,10.199588394502655,4.876655321710699,280.06083655199984,0.03751753956949988,-0.0035010441247390256,tagStandard41h12
0,152,0,106.39485,14.800951796125956,-11.902232605899373,518.3322173471495,4.1874323272472225,-0.4569603588248588,279.61778359434004,0.015506177721439345,-0.02298766189683592,tagStandard41h12
0,153,0,109.063065,10.875429423783771,-3.0292063741835604,544.8299718257077,2.03520409008803,4.468252895341379,279.42960413083887,0.007500251461167893,-0.0054963894409742935,tagStandard41h12
0,154,0,108.93336,8.443121576601357,-5.506988136884616,571.3271935894097,0.801784014879559,3.315318237593715,278.9390451328849,0.0029470177201314364,-0.009526508151735537,tagStandard41h12
0,158,0,115.4307,18.480390288344665,-12.675060082728466,678.3654430325333,4.881231733816321,0.5433744414352754,278.36283144603055,0.017284501104105756,-0.019142422616946018,tagStandard41h12
0,159,0,117.69136,6.119511921216371,-5.8430901756213425,705.2035400045191,-0.12262522877108452,3.50291983510283,278.1413654500289,-0.0009845780070744264,-0.008539153334803153,tagStandard41h12
0,160,0,113.546906,-2.3383996545400136,-10.730799090946562,731.9819046924116,-3.3481854151733614,1.6915859340995785,278.10945977095326,-0.012623999201828795,-0.015037799590319367,tagStandard41h12
0,161,0,111.82945,-9.166575991894547,0.32621862552468994,759.1460535390995,-5.7430723467105045,5.925888827241182,278.41414601776734,-0.021280353864875808,0.000208958229160131,tagStandard41h12
0,162,0,118.91753,34.110710331321116,-2.2480709222527406,786.5593890275185,9.865310741395774,4.844352434856545,278.7204620627287,0.03470565741750818,-0.003472123828459643,tagStandard41h12
0,195,0,118.03446,-3.750797771667578,-1.587315598150894,464.44415383528764,-6.752745541844489,5.006128832979756,303.7039157274253,-0.0224313089846645,-0.002936633148126141,tagStandard41h12
0,196,0,101.16456,0.0855236467618839,-10.42230659170923,491.25834597386654,-4.241825281091508,-0.5112062844177098,303.35730567012075,-0.013656140330313106,-0.021160707416579105,tagStandard41h12
0,197,0,114.73829,6.895743549392818,-6.792426998897327,517.8165484073371,-0.03271518501435342,1.9842804242003353,303.1694637068285,0.00007328972613111961,-0.012844801443871267,tagStandard41h12
0,198,0,124.883224,3.184891940515286,4.733044271513563,544.4978742780435,-2.037326713150832,8.638834002656608,303.14274730745893,-0.006489540552889432,0.008857543015660808,tagStandard41h12
0,199,0,97.4785,15.5196739439358,2.5020553596602877,571.4439841148892,4.3151505775305745,7.255515704496644,302.49061197945304,0.015131106638631368,0.0042631310030461465,tagStandard41h12
0,200,0,112.630295,10.14393999271897,-3.8215346762964386,598.083892896228,1.6076862149637354,3.9525601854266483,301.8954563980719,0.0056559998692200485,-0.0064590036662776065,tagStandard41h12
0,201,0,107.53194,1.0381163657220895,-0.6521093266683239,624.9253681016364,-2.77518320250715,5.561995040858733,301.74091629389983,-0.009336906986927535,-0.0011513718529659919,tagStandard41h12
0,202,0,100.46334,6.023934416475754,-1.7294465088726845,651.7819556341494,-0.5066623264817729,5.181404990791748,301.70580466635687,-0.0014261504986168149,-0.002660799719975645,tagStandard41h12
0,203,0,108.6244,-1.2111452031101648,-11.660986787683782,678.7721243833718,-3.673216902207173,0.6770092679558961,301.5269206627312,-0.011957052057829563,-0.017400939374981283,tagStandard41h12
0,204,0,111.76455,1.721737882684464,-8.20807735101073,705.8070845913992,-2.316910076907561,2.385802482166412,301.67353125615927,-0.007315384816031735,-0.011907970827535445,tagStandard41h12
0,205,0,99.30297,-7.581765180593151,6.80061867310883,733.0385600369691,-5.953465225852027,8.685639774419428,301.72838245885487,-0.019840409297917392,0.009004197876617348,tagStandard41h12
0,206,0,129.19734,9.323487669301016,-2.174106004108127,760.2698652854083,1.0446971079915677,4.928039888918022,301.77451932827734,0.0032519230681088977,-0.0032776957062445214,tagStandard41h12
0,207,0,111.52975,30.489898964812593,-15.288525813962341,787.7812805921176,8.880377608033541,-0.12734411344331528,301.7851930621023,0.02984864996001274,-0.01990759879114897,tagStandard41h12
0,240,0,119.172424,10.970212292227586,-0.7758367114727789,463.85558147636374,2.929424219998169,5.448867859422137,327.1000181176081,0.008903002470010033,-0.0014756784893135513,tagStandard41h12
0,241,0,122.9592,-0.44726724087735165,2.0984029862867715,490.70081862717115,-4.802950865786214,7.48851673188807,327.07270199546235,-0.014747115383786353,0.004583565364795653,tagStandard41h12
0,242,0,107.84846,15.438414377551169,4.760366930551184,517.6277161100977,5.377190714753966,9.252948422185625,327.08867519367925,0.016515647695794364,0.00979094271467357,tagStandard41h12
0,243,0,119.49472,12.847559669434531,-2.8533101191292207,544.3826630729485,3.633988100422983,4.221105635400135,326.7563152982055,0.01124397755556982,-0.005404855976373661,tagStandard41h12
0,244,0,111.88883,-11.210551574166063,-17.456685834121345,571.0533384835958,-10.107631673853007,-3.9176846682529445,325.91293756144125,-0.03144143103500795,-0.030254864880068295,tagStandard41h12
0,245,0,116.58401,14.751588406190763,2.626873787379962,598.2459948127487,4.358929153313285,7.5081609377258465,325.86343148816286,0.013324613100352744,0.004572988473435646,tagStandard41h12
0,246,0,118.66302,2.962009976127205,-6.567524232920732,625.3467278060189,-2.1067634411321587,2.5576261216652374,325.49965312911036,-0.006319992672370978,-0.010707210022111766,tagStandard41h12
0,247,0,113.28418,5.3400494253533,-3.1569408503522713,652.245129916163,-0.6988717529649188,4.3862958080270005,325.514008303395,-0.002299224897755757,-0.005210322254661648,tagStandard41h12
0,248,0,114.92279,7.049267193517039,1.6162946347374136,679.5158708693411,-0.06811463971575822,6.642696275016135,325.3946125011873,0.0000952242068206363,0.0019887773194716537,tagStandard41h12
0,249,0,116.03466,14.22053733958296,-13.063521505668634,706.8915174931478,3.4137988116918336,-0.12284273979366886,325.3454538372239,0.010294952312789964,-0.018778242923847402,tagStandard41h12
0,250,0,121.86465,-0.7905084519574065,8.215142120858445,734.0199406176188,-3.2102872856276563,9.57870955974812,325.62284655563974,-0.010497574872884472,0.010808913021554465,tagStandard41h12
0,251,0,119.70826,23.121892677817982,4.080277655231154,761.705580856533,6.841482709370099,7.6725933790104355,325.7230444561734,0.021134831092856878,0.004966632006972276,tagStandard41h12
0,252,0,126.18437,7.913645763404361,1.1149765264359521,789.1533383737416,0.47089940230387206,6.400691695616956,325.8459175685532,0.0010109403778033501,0.0011015937949877686,tagStandard41h12
0,285,0,123.80942,2.672055919294677,-6.567049677147452,463.07702910647305,-3.292732630122657,1.0792932018906076,350.93188149554834,-0.00920940253424756,-0.013946069212066698,tagStandard41h12
0,286,0,130.94318,10.308518468495379,-4.36066805018146,490.1570752219541,2.5283245085857406,3.035484917314306,351.0065669697582,0.007189210091531844,-0.008573014052875975,tagStandard41h12
0,287,0,126.54841,2.7449137773783145,-2.846290847918795,517.0636659111141,-2.7794602738755994,4.2001488336980515,350.99284631857745,-0.007928553660164926,-0.005351056581850047,tagStandard41h12
0,288,0,121.55399,16.13944339661498,-0.40176676599469574,544.3024986498069,5.910171543545347,5.789598286199747,350.92203370436255,0.016992355127850852,-0.0006967292199532412,tagStandard41h12
0,289,0,129.47198,2.6031937435523096,-5.603000392636432,571.2228307892757,-2.732063847198105,2.7329700249839566,350.547949295414,-0.007446301662130221,-0.009858433410617469,tagStandard41h12
0,293,0,113.29726,18.91068226263269,3.6339521607887924,680.3293126843628,6.093821166737258,7.909012726834987,349.52547773428023,0.01748697809630242,0.004908619683306741,tagStandard41h12
0,294,0,128.28574,19.46670708312149,-10.62962093788292,707.775116701147,6.228669485702369,0.7222580307513901,349.5471888450423,0.01772825469713623,-0.015324706565423805,tagStandard41h12
0,295,0,120.822365,3.690002248465021,-0.8082925054504817,735.1458701509409,-1.5516776516965927,5.66329410783743,349.6321504854895,-0.004533235038138163,-0.0013572711690370805,tagStandard41h12
0,296,0,125.466515,-2.636106751452418,-12.357862601333977,762.7387935788772,-4.385572923910047,0.2972846875654801,349.60814846468105,-0.012690387335476595,-0.016635541714394943,tagStandard41h12
0,297,0,120.71937,2.9091733354105136,-6.264391381738733,790.4987816539038,-1.772003220081103,3.145241267951974,349.73360707588625,-0.005302248191556366,-0.008505212949624525,tagStandard41h12
0,330,0,114.92021,14.569218741001919,-7.244577089867393,462.3191923324841,6.126218085973505,0.48356671446401756,375.0597615972805,0.016482111553206266,-0.01524966356698568,tagStandard41h12
0,332,0,133.11513,5.931611794855485,-3.3913009212268443,516.723570226549,-0.7703877846687415,3.8909530714557263,375.3924974972119,-0.0020366284268662255,-0.00632652318621155,tagStandard41h12
0,333,0,133.54276,13.283465055206193,1.2527453448348054,544.030674090234,4.305770381020467,7.196250568609513,375.40513286566005,0.011690675523111198,0.002350102964435438,tagStandard41h12
0,334,0,124.70484,2.40900404010074,0.18126358031497572,571.0965658327293,-3.008947730059332,6.434538389979025,375.22848434407484,-0.008020249944192811,0.0003564122098651257,tagStandard41h12
0,338,0,117.99928,17.010419153468092,-12.69698344292931,681.0279511670119,5.476109675195971,-0.7341942951966309,373.7962240758151,0.014708751834722615,-0.018751316005357153,tagStandard41h12
0,339,0,128.80627,8.723789517266937,-5.001214622968406,708.5220997243554,0.876322130396034,3.578803625886735,374.07905217270115,0.002574316723448263,-0.007530365136331418,tagStandard41h12
0,340,0,123.0082,-2.2624927489528095,-2.209445728537275,736.0931327084182,-4.804935376977595,4.9472687901793515,374.1318950029146,-0.01263068653908809,-0.0034363297283873623,tagStandard41h12
0,341,0,119.239914,10.515704983457907,-7.57997423409438,764.005877962905,1.6688297807272081,2.47132784072852,374.1261082027638,0.004466283517512415,-0.010328674138327122,tagStandard41h12
0,342,0,110.63554,7.059435451865509,-14.661574159251131,791.9925363461724,0.08632212452448576,-0.6888925580526575,374.2795191740055,-0.0000742556599496057,-0.019007203440416773,tagStandard41h12
0,375,0,131.85483,7.5073610843724055,-2.732681923740473,461.3285268339453,0.4561614984315275,4.051045960731756,399.7656353704574,0.0010007370043579455,-0.00526941359432778,tagStandard41h12
0,376,0,124.80045,-0.8138964330366327,-5.267362026066792,488.74688611982157,-6.2662850069609135,2.160131524006375,399.9147096936737,-0.015945343839056905,-0.010453375803659392,tagStandard41h12
0,377,0,128.4717,6.075870542498592,-0.7682552712407195,516.115835547179,-0.6709598672118198,5.89148068352921,400.1346428711573,-0.0018137796289936078,-0.001225436735342203,tagStandard41h12
0,378,0,124.83617,15.958614628561122,1.6391026675192941,543.837917702216,6.58253642555053,7.66037823598873,400.3288704321974,0.016442241912987425,0.0029988179541951226,tagStandard41h12
0,379,0,136.44496,1.4586608453994359,0.1096831307129376,571.0022705529938,-3.8335812168612042,6.492256827681502,400.2557939380036,-0.00963461326242428,0.00020721725752109615,tagStandard41h12
0,383,0,134.09177,14.950003477783753,-5.1580362444022985,681.5817799988686,4.610856663334232,3.2497516784383715,399.1565735937416,0.011636924993616763,-0.0078105009581119185,tagStandard41h12
0,384,0,124.14965,-0.66018132197678,-6.990465552176488,709.2846927000453,-4.419352514340346,2.293436682038703,399.1699761640863,-0.010937356004161394,-0.010070855125674771,tagStandard41h12
0,385,0,132.94164,-2.7389724012971337,-8.527555620654539,737.3152396926585,-5.516326720149777,1.6144084567160355,399.1630356425395,-0.013452068277144616,-0.011973686603016342,tagStandard41h12
0,386,0,120.9735,-1.116486659205408,-8.368627884747298,765.453651195353,-4.485412484277276,1.8562851237769569,399.1813471148297,-0.010759906486791647,-0.011286779264222852,tagStandard41h12
0,387,0,121.578224,6.47177077431934,4.54356489991062,793.7475761739923,-0.33747779307498044,8.478211113746568,399.4643192105532,-0.0008224089132177791,0.005275331439725144,tagStandard41h12
0,420,0,127.27702,7.636111780668158,-4.537477077889037,460.485941605516,0.45789942372243814,2.489603543506689,424.6432388550628,0.0011428007687098074,-0.009164802379030675,tagStandard41h12
0,421,0,113.895424,24.82418217641424,-7.741902785799883,488.24002084565444,15.715970116693029,-0.3051854565516711,424.83775501217025,0.03663404093808427,-0.015568073760381721,tagStandard41h12
0,422,0,117.156876,18.46157690879204,1.2891774233777347,515.8607921466809,9.439719734882432,7.5454357479194405,425.22722388109025,0.022046584197620716,0.0027243144297006815,tagStandard41h12
0,423,0,142.74237,4.76620347372284,-1.3650325384128343,543.4546637123279,-1.757964530361732,5.3446866326326585,425.2822096590365,-0.004235906535183374,-0.0023300803223216663,tagStandard41h12
0,424,0,144.5713,-1.4126078927226902,-1.199755521996053,570.9101827682696,-6.266833666269291,5.524976579081682,425.3685601483923,-0.014774367409895602,-0.0020277124512150346,tagStandard41h12
0,425,0,135.73645,9.093977798083644,8.176612449531602,598.8231160395243,1.4623556441511611,12.107058270897312,425.32005585841586,0.0035347113849536044,0.013534904116429195,tagStandard41h12
0,426,0,120.48967,-2.941050686790618,1.1320065544632603,626.2827340205414,-6.826208160985401,7.039336044183188,424.84249201656274,-0.01588663921381053,0.0015189533460683302,tagStandard41h12
0,427,0,113.0209,4.801476480890527,-14.967147681241045,654.2447606800749,-1.675429992619343,-3.3266886997998313,424.4171346260999,-0.003650156542208032,-0.023193256936250246,tagStandard41h12
0,428,0,113.555824,16.636838068031807,-12.235011333234526,682.1796762237191,5.96198882734069,-1.1690439804175987,424.2412352142846,0.014007225885530682,-0.018064998002769988,tagStandard41h12
0,429,0,120.08415,8.260951170089356,-7.206538445280672,710.2735676991007,0.7402177593335753,2.0748101683029176,424.2912451540042,0.001626653189096342,-0.010442766252551852,tagStandard41h12
0,430,0,130.42485,0.6723633065519151,-1.2726703867589322,738.4391239972858,-3.6582507834417006,5.538336254678314,424.39133935219377,-0.008786799169334962,-0.00224431465233828,tagStandard41h12
0,431,0,119.26655,0.5963115366025702,-1.9960528850026549,766.8399476219817,-3.6845915172494297,5.3140492666705095,424.4538069624826,-0.008708172913857986,-0.0029975302222152115,tagStandard41h12
0,432,0,137.50685,8.749430182675153,-17.900818224162208,795.4269218906453,0.8595367213457048,-3.3890904817183127,424.45013877119374,0.001783627926889699,-0.023032027936872403,tagStandard41h12
0,465,0,109.257965,10.813112888234231,9.723247962068397,459.6656026693192,3.623273899974438,16.417065063238795,450.44113113406144,0.008125973011701131,0.022019979328116897,tagStandard41h12
0,466,0,130.89656,5.959656126667369,3.502938336313547,487.58537553416767,-0.8826669196047293,9.902870276159376,450.43021846486084,-0.002237727741897718,0.00757325015263899,tagStandard41h12
0,468,0,137.01825,6.436058419396431,-2.5986012406636982,543.199495165787,-0.3442272221220145,4.479594483568974,450.51633249649547,-0.0010337424761774762,-0.004378340318660518,tagStandard41h12
0,469,0,126.41009,13.951587626683589,-7.91054617106238,571.0904039684772,5.4585919362371556,0.11999120719116196,450.55701711240016,0.011986825131475599,-0.013982723037755452,tagStandard41h12
0,470,0,119.41994,5.476917868829787,-3.216796929659723,598.895211923664,-1.1318571376424411,4.055458482886536,450.64445670864916,-0.0025286580758064814,-0.005331541048162744,tagStandard41h12
0,471,0,125.08676,12.624917429132665,-4.100493538033449,626.8941434452646,3.904225327065945,3.4170577352771256,450.4130509855018,0.008735385815489185,-0.006811859385104786,tagStandard41h12
0,472,0,121.63054,6.883920627318503,-2.0800024439473654,654.8071489948026,-0.19863017756131224,4.992646625999271,450.39076339314136,-0.0005787613999180883,-0.0034101679287884368,tagStandard41h12
0,473,0,118.21578,8.649161386757443,10.84906657186775,683.0075984136942,0.9861719475196667,13.617247135172818,450.3752678453396,0.0020870573269515767,0.015719156239954804,tagStandard41h12
0,474,0,133.3633,13.627398346105679,-3.9024016139870827,711.3273977325556,4.03764186909848,4.004451439788226,450.223459434454,0.00896204906025987,-0.0057079415231238015,tagStandard41h12
0,475,0,133.1128,-2.4472129267094243,14.313609081020218,739.656593526539,-5.973908128658193,15.144712840074021,450.45757010259257,-0.013057562686628683,0.01896490455837864,tagStandard41h12
0,476,0,110.279465,25.44062326168978,-7.102667348098752,768.3071994380795,10.703671125811923,2.1893497079688573,450.2229291568643,0.023512927305094047,-0.009731632029732776,tagStandard41h12
0,477,0,134.28265,18.82284867157034,-8.2276365317764,797.2961705612285,6.423436117517326,1.7209206361312104,450.2177170541964,0.01431069282549376,-0.010811889369635707,tagStandard41h12
0,510,0,122.21303,5.381963707432987,-5.52303426125144,458.8505035271363,-1.790859755050121,1.293883421785097,475.795919208807,-0.003725368686309364,-0.011398997924474134,tagStandard41h12
0,511,0,120.89256,6.7278091563345574,-8.571949193996488,486.7842921241883,-0.4436220697165824,-1.4869228174386535,475.73721367203825,-0.0007758375271196549,-0.017162978933659943,tagStandard41h12
0,512,0,138.85524,5.600900508404834,-2.493951341007233,514.8257278249653,-1.3916799160730302,4.43419275032096,475.92477908964037,-0.002892739407271095,-0.0045916494253934684,tagStandard41h12
0,513,0,124.875015,13.087549252248095,-4.1768022130329445,543.0331894122719,5.336268411440017,3.0513567582436276,476.12863642249755,0.011212313123549842,-0.007532307731569688,tagStandard41h12
0,514,0,126.302315,11.327271203138707,0.07614620818503542,570.9071642867111,3.57724736640131,6.683327723720936,476.3517437653232,0.007422661042564064,0.0001388284974994998,tagStandard41h12
0,515,0,129.33018,6.098333784251508,3.053149252648722,598.8960985525944,-0.7549460267782127,8.967573744341905,476.43684528511784,-0.0016531534120106004,0.004950049258613214,tagStandard41h12
0,516,0,120.636986,3.135795680242041,4.202398869381227,627.0010729564922,-3.186325522100843,9.844192999562381,476.3052371511162,-0.0064147167631928214,0.0067097671835746175,tagStandard41h12
0,517,0,124.76084,6.44873397526203,0.35422997304090054,655.2441262730505,-0.6539237928099046,6.860789228446777,476.28639073748275,-0.0012672870682351907,0.0003808704042617054,tagStandard41h12
0,518,0,132.96136,5.410794389457919,1.2190825840996233,683.4315555943476,-1.3484531440611809,7.365747892375055,476.2556176062467,-0.0025737832282000214,0.0014861186651715104,tagStandard41h12
0,519,0,123.488976,13.648248725201027,-13.249753173522551,712.0490641657922,4.272678880643468,-2.3006815809869186,476.0325665012297,0.009017557671912462,-0.018969922845767182,tagStandard41h12
0,520,0,123.86589,11.840167230379961,-3.146033338655799,740.891963663834,2.9218392823232198,4.443269726308131,476.1541337292922,0.006112633372184904,-0.004751176014798954,tagStandard41h12
0,521,0,137.89749,-6.7772809088990025,-6.914657253469158,769.3198252727863,-8.644842907134887,2.417894484982697,476.2962446741065,-0.018349415956067743,-0.00916079875342739,tagStandard41h12
0,522,0,122.44449,-0.5357825020554391,8.149496534925333,798.5573920812852,-4.662515338744411,11.425261639446433,476.4775132369184,-0.010101957498907986,0.009696801242388019,tagStandard41h12
0,555,0,125.989174,12.732675546327357,0.5987353765161159,457.9107706823965,6.135525326867993,7.618247595186175,502.1666242555829,0.012279878967062207,0.0016713354593641213,tagStandard41h12
0,556,0,117.88298,10.502579781163831,-1.719048542797624,486.04436157958025,3.456451824239594,5.172711556562717,502.1531090835551,0.006896255205388042,-0.003238823562517758,tagStandard41h12
0,557,0,127.03039,9.187659602729127,3.1414752832501436,514.2639345262689,2.1346786130785644,10.070291919095496,502.36077095323793,0.003983567713276644,0.0064809645190331945,tagStandard41h12
0,558,0,132.70161,8.47098180121327,-4.97776114951114,542.560960915191,1.149955652976985,2.181980164819379,502.2889020059977,0.0021692741540668245,-0.00899983910763009,tagStandard41h12
0,559,0,125.961044,2.6781869465659156,-0.2819307254633262,570.7179827767436,-3.9429290644555968,6.456130583854134,502.542108956078,-0.00783177333645414,-0.0005091585621962415,tagStandard41h12
0,560,0,130.87569,5.191910145731185,-2.2091932859958665,598.9031993141019,-1.580273156954035,4.92399454742764,502.6533713707839,-0.003204527466911066,-0.003698615785043724,tagStandard41h12
0,561,0,125.642845,10.664719260832044,-4.842844695623286,627.3639937753868,2.7063189458958736,2.7877684616137794,502.68476428062047,0.005378478050107429,-0.007817708026102653,tagStandard41h12
0,562,0,134.47527,-4.632595312430453,-2.571767924491723,655.4707013969092,-8.961051115048122,4.808550939671705,502.69735190500546,-0.01809419665996144,-0.00404552177990757,tagStandard41h12
0,563,0,126.82985,13.509271220120922,-6.35293552961514,684.1212167384193,4.5186170113245225,2.0659746598956867,502.64331537731823,0.009122305039150135,-0.0095087548770173,tagStandard41h12
0,564,0,132.83932,4.965241570780564,7.934904536278849,712.9474506184872,-1.6600694183824756,12.310112259359755,502.8342271015115,-0.0033249948151596433,0.01068885910515516,tagStandard41h12
0,565,0,133.855,7.816379366231445,0.8398412754928576,741.8290473986275,0.34051645605109204,7.289496185734663,502.8765420564651,0.0007027587335819504,0.0006134391985911909,tagStandard41h12
0,566,0,129.34435,8.986960079829489,7.788347151192169,770.890709356592,1.024682988600263,11.79128567972981,503.03255086184345,0.0019626308967756736,0.009580534260268857,tagStandard41h12
0,567,0,143.76721,14.51371049221484,-9.97398336239394,800.0367343673423,4.50950563889262,0.23012376835003978,503.1737431009987,0.008849055142422136,-0.01305459019636767,tagStandard41h12
0,600,0,122.508606,-3.9655220012874683,-4.534186280693233,457.09621719454856,-12.851396420131664,1.6947863665240008,528.8405548852436,-0.024307513192622508,-0.009425980940898228,tagStandard41h12
0,601,0,113.97792,4.108605172156216,-10.413339323468733,485.4914722756082,-3.3532392624862273,-4.495266311887008,528.7323951402366,-0.006385954966457119,-0.021141798637045083,tagStandard41h12
0,602,0,135.43907,10.233178961190104,-14.492451602219377,513.8693897698322,3.087357803038116,-7.914773123061877,528.8508028796637,0.005858823955958568,-0.0277246431351943,tagStandard41h12
0,603,0,141.45845,10.394783681934086,2.941248606096336,542.2218694286328,3.067616173346552,9.830662933199505,529.1363290353155,0.005638577240352557,0.005799576368480271,tagStandard41h12
0,604,0,136.44144,2.2297350673119354,0.785437860515344,570.6536900122686,-4.668507333063416,7.359709869842619,529.2439694433774,-0.008833518607340584,0.001323118829780478,tagStandard41h12
0,605,0,142.40779,-4.743092333449454,-2.110003324505214,598.9432313773941,-10.492053431474801,4.739481031232914,529.4560542602575,-0.01999247296404239,-0.0035772247745920246,tagStandard41h12
0,606,0,124.15832,1.6400060125670284,2.974094843487592,627.4783736351053,-4.661791554995829,9.163218865744739,529.5870003348517,-0.008875080806023936,0.004727996528783291,tagStandard41h12
0,607,0,121.80008,4.9539274600200525,-12.765084902800595,655.9863031062793,-1.9034037146913083,-3.5625334240070283,529.6059585985854,-0.003760604571991237,-0.019624769141589764,tagStandard41h12
0,608,0,142.58258,9.835767364121468,9.76439642572518,684.8432024490628,2.013596315672091,14.233491536583188,529.8484215788811,0.003730810788563277,0.014064837694006474,tagStandard41h12
0,609,0,137.3689,7.065383485823873,5.637718908743522,713.8176008184394,-0.1639967966144682,10.775905484721193,529.9008744199703,-0.00029773754962505045,0.00747983980123496,tagStandard41h12
0,610,0,144.15866,5.69955701650224,-3.481164560261619,743.0759313558825,-1.1783205181591252,4.128639141701228,529.912867546215,-0.002252369357095728,-0.00509320206981755,tagStandard41h12
0,611,0,137.72679,15.457417911795915,-7.2514699261302,772.1676497355303,5.577612314309022,1.5342118606756678,530.1445997503623,0.010351700030893283,-0.009874529206860265,tagStandard41h12
0,612,0,138.43674,-3.7088501341212363,-12.406819302394865,801.3105617187908,-7.346105163248808,-1.6130281328410083,530.3124663516759,-0.013930108844961238,-0.015764561326460116,tagStandard41h12
0,646,0,124.041504,5.023295090700912,-7.596984702206954,484.8307422175637,-2.47135521589189,-1.5352038640170347,555.9599579340548,-0.004436571874833323,-0.01524741134793806,tagStandard41h12
0,647,0,131.29817,17.687950297254645,5.315380024494685,513.4691861352622,11.171135452323826,12.751192464170343,556.2773340119862,0.020149329914704632,0.010410411223998915,tagStandard41h12
0,648,0,136.53104,-0.8123275960150518,3.2726550606935234,541.7411086932497,-8.103249202659866,10.432817361401819,556.3901543130675,-0.01487666417925278,0.00642547914676133,tagStandard41h12
0,649,0,135.62277,7.251856170805581,-2.953728394387782,570.4455693043542,-0.03234283500694296,4.098105611008123,556.3936984142556,-0.00012149021085147413,-0.0050985809858139965,tagStandard41h12
0,650,0,127.95789,1.5546902346667362,-4.173836983858678,599.1448612714217,-5.287991170679902,3.035846077279644,556.62038292303,-0.009630774134304857,-0.007070868523345061,tagStandard41h12
0,651,0,123.156334,12.500711070927423,-6.702176774652232,627.8740295871922,4.737789663877038,0.9764524001039939,556.7223752305584,0.008405665312104236,-0.010771898169162084,tagStandard41h12
0,652,0,127.31416,8.132022454044318,2.411812299372399,656.614273823955,0.6377461888902201,8.879588911372139,556.9002869037405,0.001022811955502298,0.00341484293244817,tagStandard41h12
0,653,0,132.52333,0.7647641518032057,-3.048033180464813,685.4174275907043,-5.247079368875233,4.443844907091262,557.0086453467417,-0.009553138791626456,-0.004664010231262873,tagStandard41h12
0,654,0,130.3569,7.069025613461462,-6.80143558521661,714.750423249728,-0.2733020299527878,1.5156414777205782,557.1499972926174,-0.0006026336043097597,-0.009926502973809656,tagStandard41h12
0,655,0,136.0061,8.626960991356327,-3.6200385297507873,744.020967910156,0.997045316622121,4.2070009732362905,557.4587825017545,0.0015469990610533025,-0.005020128249621097,tagStandard41h12
0,656,0,134.78775,15.845262961107778,3.188042994813598,773.4692057951938,6.101877019936411,9.15779829516373,557.8510668104567,0.010879430678903727,0.00374692289262562,tagStandard41h12
0,16,0,83.28952,12.651695775994938,-6.931386723816162,493.68830582763024,2.276197649343317,2.6919062813374803,212.816880484878,0.012406893011183612,-0.01374850747475336,tagStandard41h12
0,18,0,66.17397,10.18072665948034,-13.454581613272241,545.4681368612299,1.1473958832682456,0.5798080563112932,211.51584695811042,0.0064035940207519595,-0.02451445211278979,tagStandard41h12
0,19,1,78.292305,15.539030580550502,6.033861694785285,571.6692680661381,2.9412147378291147,7.906591446965223,210.98408861289752,0.015528013776744476,0.010611271174290325,tagStandard41h12
0,21,0,94.91287,3.134351564179383,0.341414875564055,623.7485831083018,-1.1592777475541134,5.601300004626069,210.43461997219745,-0.005680392541087805,0.0002882694445310426,tagStandard41h12
0,22,1,90.00431,4.821434992899641,5.724314831559012,649.9376934867184,-0.628363711089917,7.542521039268024,210.32348508735137,-0.002939984002630494,0.008785772581872017,tagStandard41h12
0,24,0,106.19964,4.696416451321169,-5.496985685160781,702.789353255409,-0.6212264882002779,4.146180071875392,209.69504816273334,-0.002920065211393718,-0.007980031432728376,tagStandard41h12
0,25,0,102.06578,18.362701826868715,4.758901084812462,729.5281944503497,3.2763658779489058,7.113577882080847,209.54475509618553,0.016008397026796357,0.006207983100870259,tagStandard41h12
0,26,1,105.51041,5.1059102769983165,3.9860754763351447,755.9371236302459,-0.5091766789369664,6.686624786604057,209.2788999008148,-0.0022322301101880106,0.004980329424098896,tagStandard41h12
0,60,0,93.360695,5.925689083890062,-4.945938909213852,467.0728497947268,-0.45793818388975144,3.3082529833654633,235.4755352227646,-0.0012614208285381284,-0.009990829277985008,tagStandard41h12
0,61,0,94.22593,-10.408255103087185,-2.491634000594273,492.8627155016325,-7.988893476684722,4.568509129716177,234.86977107380085,-0.034360826519954625,-0.004523682701998996,tagStandard41h12
0,62,0,100.068695,-6.356584196105928,-3.4060292167190473,519.001517322125,-5.817727221880658,4.011068039488607,234.3521049173554,-0.02500759665845001,-0.006335846844667566,tagStandard41h12
0,63,0,88.05133,-6.057656597956567,-4.4389709688900885,545.1242423967606,-5.642453648478351,3.839714215380895,233.8952966302342,-0.02337525270206315,-0.008040661896285259,tagStandard41h12
0,64,0,75.06248,-0.520367732289743,-8.005219050840537,571.3707477102477,-3.188480105821099,2.514658174007906,233.16602970532983,-0.012635997483541174,-0.013933246820098735,tagStandard41h12
0,65,0,95.31252,21.348817739727565,3.061957079755641,597.9315456957121,5.8371152221416205,6.833553495136015,233.02867320698041,0.024446298787150635,0.005092402432707148,tagStandard41h12
0,66,0,101.887695,3.693431742636563,3.3936299754586794,624.0493249129232,-1.1232176487981738,6.847203559349936,233.1659539748064,-0.004772399035716411,0.005325921948515273,tagStandard41h12
0,67,0,97.98418,1.6231209104137185,5.319221938541318,650.4100949472703,-1.8215200401024267,7.5964640853416086,233.09098353143338,-0.00772486794526045,0.008046635401736084,tagStandard41h12
0,68,0,101.5532,12.238443831015617,10.497393571266683,677.01977788128,1.8065153469739823,9.23771408042984,232.96540655267003,0.008214365025287837,0.015122595868342279,tagStandard41h12
0,70,1,106.8806,25.99418049539861,7.051784128963501,730.3278444235034,6.039540834891683,7.81257720271759,232.4206428713369,0.026336331176865676,0.009320545691346615,tagStandard41h12
0,71,0,108.71384,12.230075098865198,-8.318534640079294,757.0715373656766,1.5854844583091112,3.2017684513144786,231.98074952432793,0.0071240218031699545,-0.011194764468904581,tagStandard41h12
0,72,0,102.83867,13.489191457222317,-15.996822045968885,783.758984066947,2.1493396857217135,0.8889245419425149,232.31207120372719,0.008563035270014285,-0.02088375922325264,tagStandard41h12
0,105,0,95.04007,4.293463843081098,-10.482301313651703,466.2156960908103,-1.2442574826056898,-0.013774000925763932,257.7224615301794,-0.004711037460663561,-0.022122977249389532,tagStandard41h12
0,106,0,106.1546,5.022753627352472,-2.0222042091315307,492.40237045461777,-0.7987054077264583,4.651715477308244,257.25171897889817,-0.002874818847911598,-0.003880666657596912,tagStandard41h12
0,107,0,101.79795,9.859396233181089,9.85953975043975,518.6920731549264,1.3608102727528162,10.710373547600398,256.97349117942474,0.006104315605125575,0.01959894115573231,tagStandard41h12
0,108,0,107.93659,2.1049720183873433,-1.1030946902011467,544.9526403617077,-2.417369884437505,5.003518674101031,256.4657099658979,-0.008667227245160732,-0.0018894579921754184,tagStandard41h12
0,109,0,99.89646,7.35204632214561,-3.750584467339878,571.3630404876022,0.15866120732886252,4.09884338172111,255.85997001325848,0.0012091088976137773,-0.006513773596123236,tagStandard41h12
0,110,0,91.194496,12.2467818766238,-5.457081377703618,597.9213971862987,2.2810689293612545,3.5175622397285333,255.54994546521652,0.009177589197128489,-0.009099095256786396,tagStandard41h12
0,111,0,104.17661,3.4735900448400794,-5.321606426847211,624.3871160732973,-1.3319969973728685,3.4692963675504416,255.4878382193358,-0.004936069812210887,-0.008519405812692808,tagStandard41h12
0,112,0,103.817055,6.436058476506331,-5.247627808634662,650.995891711791,-0.1519270354393707,3.5897387854640783,255.54362589954553,-0.0006561824374476466,-0.00830376153317642,tagStandard41h12
0,114,0,110.05854,9.471386337814693,6.606424856789885,704.2455393858748,0.9704160752364156,7.987916596848436,255.4881326490042,0.0039164721857789814,0.009050189486390279,tagStandard41h12
0,115,0,105.48307,-4.244165064549179,-3.3829721892537914,731.1140862440623,-3.9410205051470935,4.473671473355126,255.22335673481967,-0.015060077125475236,-0.004939146366908918,tagStandard41h12
0,116,0,112.58777,9.142021178575988,3.886251673814853,758.0330183973884,0.7668161064377168,7.081834829939623,255.19040208670975,0.0029780575939467565,0.004776432611820961,tagStandard41h12
0,117,0,109.07992,-3.573297538031285,-11.615071870552924,784.8798436778078,-3.2589712967946407,1.918532628578817,255.26973669049636,-0.013268599348595365,-0.015198214351010753,tagStandard41h12
0,150,0,90.34887,0.7456524190145049,1.6428840172288233,465.2609962143797,-3.6253544601424883,7.035490042916592,280.7137788214269,-0.012611762509503775,0.003998932088394516,tagStandard41h12
0,151,0,101.121025,15.371000213840318,-1.3884526534333208,491.8571329098673,4.73556562935005,5.149175235991435,280.17370688267107,0.017499386905201742,-0.0024783989462500394,tagStandard41h12
0,152,0,101.69076,15.450898257875222,-11.42770092819069,518.267837609558,4.631445828243841,-0.1522634087320972,279.6444464980734,0.016910823039217263,-0.021781412801638932,tagStandard41h12
0,153,0,98.862595,10.07513014527808,-4.4672841330898345,544.8343518895169,1.6337764644925987,3.732123344790125,279.44638060962774,0.0060002517329895725,-0.00814391378004578,tagStandard41h12
0,156,0,95.06238,7.397585034706366,-3.94597629001487,624.6945774910988,0.39873555919655296,4.2576186680973365,278.5771607293934,0.001112329544360934,-0.006426274929016558,tagStandard41h12
0,157,0,81.91887,11.908740645776563,20.314424572118696,651.4925035261334,2.1148023130485303,14.547105966252388,278.708125565568,0.00794488385512428,0.030992798577130023,tagStandard41h12
0,158,0,99.311005,15.73929316683791,1.1427883744364615,678.221277657983,3.6282348197298697,6.3257811232761005,278.51518250904377,0.013215497317136195,0.0013125501577340517,tagStandard41h12
0,159,0,104.61915,-10.037939892976281,11.117295826712395,705.0691205997583,-6.599823966403107,10.201184940246094,278.4974789436626,-0.02388729619599295,0.015571187126691144,tagStandard41h12
0,160,0,109.41665,4.969700250533378,-5.982589306962155,732.0657086067955,-0.5089062028334861,3.525037371218275,278.31345716613765,-0.002561515765828527,-0.00847089803073983,tagStandard41h12
0,161,0,109.08345,-13.6661436708315,13.575326050547462,759.0459614633593,-7.372360489284687,10.774363820988244,278.5745728037219,-0.027086111424366132,0.017511314581575045,tagStandard41h12
0,162,0,110.50535,31.318542173083188,1.5134773233776249,786.6139349026328,8.850077717016575,6.191305887401767,278.7655566142227,0.031091734722838316,0.0012215072824215895,tagStandard41h12
0,195,0,111.11931,-1.8512055725540788,2.111301473553056,464.4661443137675,-5.517497411172427,7.439867722753548,303.8218277613529,-0.0183166220619891,0.005042441546164091,tagStandard41h12
0,196,0,95.43283,2.718924956901502,-9.220370562078926,491.29102082519023,-2.61185596366181,0.256093264495178,303.4707613409914,-0.008236231754609307,-0.01866098077703657,tagStandard41h12
0,197,0,106.87927,5.659590097827617,-4.250654038591052,517.8180629434868,-0.7186349179444842,3.4589165913017723,303.230192988557,-0.0022445035758710007,-0.007956084129064374,tagStandard41h12
0,198,0,113.22502,3.620491735800784,7.54531802328836,544.5690876346048,-1.7812343090508294,10.210437356632951,303.1879553947805,-0.005737021633419888,0.014083900010246043,tagStandard41h12
0,199,0,97.461624,13.502326487654841,3.2234846644382724,571.3520210250094,3.3755031249038447,7.663743081369773,302.55247306265176,0.011741174313790839,0.00544017116330969,tagStandard41h12
0,200,0,108.415504,8.705200216786466,-0.5345730071360333,598.0706196807718,0.8582043645208735,5.594855362870987,301.9512543919367,0.003252035407404332,-0.0008842758244679632,tagStandard41h12
0,201,0,106.974205,-1.457588036601464,3.5576723491486746,624.9453649550541,-3.962210954805527,7.602524055454297,301.8272574166335,-0.01328631002356269,0.005606776237367478,tagStandard41h12
0,202,0,92.17615,11.066818977907133,1.3623747158129604,651.8534502148797,1.8669237966767023,6.605861364210625,301.77448727773253,0.0063524380230727635,0.0020419645927043915,tagStandard41h12
0,203,0,102.92074,-2.911292353526962,-13.122736126632958,678.8233343185118,-4.363774027535385,0.01921401161894263,301.57426653446254,-0.014409426014417174,-0.019566190626114064,tagStandard41h12
0,204,0,100.529594,5.849616271542344,-6.719808889682441,705.8995752115718,-0.4656478852141955,3.0615946487595807,301.67571556818797,-0.0014505706420457481,-0.009790627053385669,tagStandard41h12
0,205,0,92.639946,-9.280856627476624,1.02593618117328,732.9996629815232,-6.665680978690886,6.285631868312465,301.6752277367191,-0.02208047113065466,0.001081866944444454,tagStandard41h12
0,206,0,119.99524,6.684372752974695,-5.13350283460045,760.2917357424492,0.010174852217972331,3.7204692222655353,301.8010949161907,-0.0002391231727108874,-0.007177541123149,tagStandard41h12
0,207,0,103.27114,39.77958009003896,-11.475418509525872,787.8994357311547,12.627271037259561,1.293044606082445,301.9928737254257,0.04162898204448423,-0.014955662274467844,tagStandard41h12
0,240,0,112.600876,7.736863113504398,-2.238381967934516,463.851770144808,0.5921412601319963,4.39915480463759,327.1433951310852,0.0019764140223367914,-0.004487181249900996,tagStandard41h12
0,241,0,113.73749,-1.2944810257054657,-1.3091398690758635,490.70697104286376,-5.366953312684131,5.192633256386103,327.079123272066,-0.016377498986025273,-0.0023198428280126753,tagStandard41h12
0,242,0,100.62171,12.43538016262943,12.153202417396583,517.6021158871828,3.5115993309955815,13.955938186387243,327.20955092272754,0.010790766894184187,0.0241873543257419,tagStandard41h12
0,243,0,119.76553,9.624153717947479,-0.6876261459534602,544.3810481783411,1.674660940026002,5.534107438833416,326.83895388521717,0.005324917930525843,-0.0012560396904849822,tagStandard41h12
0,244,0,115.83805,13.03005204636895,-5.518405047772491,571.3792913044722,3.551151236154397,2.9427135487329106,326.3463664588241,0.011001713839416507,-0.009608340099587484,tagStandard41h12
0,245,0,109.56516,10.18353041948933,1.6413811669625589,598.1608038423819,1.8959549092542156,6.977961464299312,325.9393896405939,0.005698000470883489,0.0028140991025237777,tagStandard41h12
0,246,0,111.30312,1.5658406707963197,1.5274278575271862,625.3325310486797,-2.9218880801119544,6.679812135136331,325.717122003236,-0.00857229632332128,0.0021433368549967605,tagStandard41h12
0,247,0,101.71203,2.478419208810692,-0.5925161613732829,652.2693989937176,-2.168452297225314,5.711649808818493,325.58503312075595,-0.0067162683749892715,-0.0012064731201537687,tagStandard41h12
0,248,0,107.71487,12.194378035139493,0.18652706366935795,679.609698074107,2.339879579456011,5.9678965986382195,325.45128406419104,0.007646990761672779,-0.00005492478661452731,tagStandard41h12
0,249,0,104.09969,12.677770855124207,-13.461586889440811,706.9189330643358,2.704886115316924,-0.27318273798965753,325.39245502405265,0.008137575626045201,-0.019272514569229376,tagStandard41h12
0,250,0,108.778366,0.8725415364471023,3.7286700708039007,734.0895676831054,-2.5019188491102105,7.61223530596294,325.6283797721869,-0.008251791843072228,0.0046594947947506855,tagStandard41h12
0,251,0,110.906105,24.104450565313073,7.8791199912971,761.777132064011,7.2564733769693825,9.269863013386667,325.76996879301686,0.022466371202442777,0.009923942118986433,tagStandard41h12
0,252,0,112.637924,12.687424433396925,-12.76392080550693,789.2000585723802,2.38932141146762,0.6377763258000183,325.7862925789661,0.007093324804062032,-0.016476376873456478,tagStandard41h12
0,285,0,114.97739,4.3230512508169445,-5.470718210315568,463.13654835719564,-1.8899372958417187,1.9208052911179154,350.9540597543389,-0.005454251157091666,-0.011669434881420977,tagStandard41h12
0,286,0,124.8885,11.155792169804613,-4.981477966183606,490.1348280475253,3.2063439234991624,2.5409257682275093,351.04182262872973,0.008986127127890143,-0.009913568027331078,tagStandard41h12
0,287,0,116.49317,1.8460425032558305,-0.904458753588756,517.0495363168012,-3.4223405274257166,5.520440000301448,351.0895506609556,-0.009669057178805361,-0.0015361346122338558,tagStandard41h12
0,288,0,111.895615,12.895014417725292,-2.4728561388844827,544.2277777567267,3.8181715280422286,4.37907156103489,351.00558771952774,0.011092429082202135,-0.004524421326103834,tagStandard41h12
0,289,0,116.12719,3.117936279906303,-1.6336497892538095,571.2211283621878,-2.4311054506542855,5.218261280048807,350.6171363507081,-0.006643698344864981,-0.002793152293989903,tagStandard41h12
0,293,0,108.67597,17.879074752282236,0.8096317672591318,680.223531388411,5.610285644299268,6.515594578151421,349.5515792666684,0.016104296127289405,0.0009802075719963705,tagStandard41h12
0,294,0,114.28595,17.211722825023344,-4.635755325213383,707.8004826184599,5.129465764632756,3.740675423634911,349.67576461083047,0.014511163791672695,-0.006862025796844732,tagStandard41h12
0,295,0,109.102394,-13.401151544666845,-4.197865844681017,735.0487142774757,-9.5765234151811,4.005328475557406,349.60666575355253,-0.027872770070358283,-0.005954361159114162,tagStandard41h12
0,296,0,117.601456,-0.35646168007065243,-5.669942716256173,762.7953006880267,-3.3423107867839117,3.373678037304615,349.69057720661425,-0.009677873089506005,-0.007794474481342908,tagStandard41h12
0,297,0,109.75965,3.2384619471812357,1.7149572552090144,790.597159186323,-1.607143516620737,6.672197987582649,349.8727395728947,-0.0048471709447583805,0.0016636627700940961,tagStandard41h12
0,330,0,110.19196,15.206847900823504,-4.4063714483427265,462.3171993481578,6.685555657369434,2.829359672512111,375.2001992003898,0.017936653153754957,-0.009042535805281944,tagStandard41h12
0,332,0,130.10115,9.163774658366947,-0.3324213880378022,516.7834428034408,1.6612826977025754,6.072199315604962,375.4703677174063,0.0043339185161179435,-0.0005295490418532957,tagStandard41h12
0,333,0,122.81715,17.294394005890354,0.11299637030833552,544.0732082507088,7.133493635859055,6.383783917649452,375.4482883699127,0.019131123376039838,0.0002589476169585481,tagStandard41h12
0,334,0,112.64562,1.903722702416075,-6.021453267231323,571.045863074864,-3.247127379629091,2.33564642111071,375.2210920237297,-0.008736173282321482,-0.010593798606947749,tagStandard41h12
0,338,0,121.625206,9.623440131130792,3.427239636706189,681.0893383610136,1.458673242871499,8.108839026863109,374.1526870302203,0.0039008422152304358,0.004750237182239746,tagStandard41h12
0,339,0,109.769,8.319170025211632,-9.800718039039454,708.5069945847133,0.6714687852423823,1.1107730160499614,374.12095297548376,0.0018807486036360823,-0.014207671704983285,tagStandard41h12
0,340,0,106.7141,8.485409657359128,-3.2869807485748206,736.26545363223,0.6996512303926471,4.4812757761392845,374.1635923427782,0.001994604370284445,-0.004948261507946978,tagStandard41h12
0,341,0,111.58429,9.422911532498686,-13.829644263742695,764.1140792574371,1.1079133891417428,-0.5844232565362973,374.1696181075301,0.002974612754782292,-0.018527728364417666,tagStandard41h12
0,342,0,113.70765,14.01782324428052,-9.833526588456722,792.0972795202971,3.3941539439821895,1.5406851293874406,374.41052446744186,0.008696798779862779,-0.01295457527890993,tagStandard41h12
0,375,0,126.693306,8.360043033046168,1.2783411156943874,461.37576619265405,1.279819280496043,7.471894527733298,399.8789468461836,0.002971096056181504,0.0033880890147050904,tagStandard41h12
0,376,0,120.2219,-2.616543674018374,-3.564841788681178,488.80109152261025,-7.788319732771299,3.516972756183123,400.0655994406693,-0.0197397326487243,-0.007044693068149246,tagStandard41h12
0,377,0,120.628586,7.9505135507016576,2.0220149166892716,516.1405621221697,0.7958265196527928,8.068244413085779,400.26579421896736,0.0018223784989574593,0.0042147611058518985,tagStandard41h12
0,378,0,120.351685,14.767179050565346,-2.602289270703297,543.8099750644764,5.7053799272484875,4.541376364144809,400.3682928623933,0.014276777076233168,-0.0048194930540612765,tagStandard41h12
0,379,0,128.95555,-1.0352412244760674,-2.0415059929808876,571.0247336329003,-5.621030058059886,4.95904709477253,400.2994723605174,-0.014073964724707889,-0.0036254460242822824,tagStandard41h12
0,383,0,130.21504,17.613646304425743,-0.9043039186183272,681.6242925764524,6.163866083603183,5.7126232237720265,399.2848243175788,0.015537837380745883,-0.0015964378922349817,tagStandard41h12
0,384,0,114.91133,-15.971076964235978,-11.150430377784344,709.2434375272205,-13.076688616346132,-0.0316270422058535,399.26708331784215,-0.03246350093676116,-0.015999345214018836,tagStandard41h12
0,385,0,121.49972,2.3057979574202814,-5.046164508552238,737.4469440264162,-2.828712983009097,3.5168254386775293,399.2456611538508,-0.0064985372506540925,-0.00710616792796397,tagStandard41h12
0,386,0,111.579834,1.9583945992349068,-3.7271417589813614,765.4691437927032,-2.821167164897872,4.246269681039109,399.32835450888405,-0.006706544947731589,-0.005190498566709838,tagStandard41h12
0,387,0,113.308716,0.014913325031102306,-1.0245222165723362,793.7016667198618,-3.52917153406264,5.642952273943308,399.4897157994736,-0.00896253731520221,-0.0018283677219126113,tagStandard41h12
0,420,0,111.94407,10.914546654757771,-0.5189049938433086,460.60006325755603,3.4673550243505256,6.057966986510621,424.8610971160475,0.008248797856317875,-0.0005702663008545326,tagStandard41h12
0,421,0,109.399666,16.686253593935646,0.811986910715573,488.1511581511468,8.618011535763005,7.309896559867638,425.15697850678475,0.01994584206167167,0.002124052306275191,tagStandard41h12
0,422,0,112.512955,18.28373134708039,-6.415025109001934,515.8824223272352,9.303196555373006,1.2008820689003403,425.2612085729731,0.021759544383713504,-0.012184922029381536,tagStandard41h12
0,423,1,122.979355,13.584190152497513,-0.8736391259099053,543.5973835181678,5.332005586696199,5.68852071349886,425.3487111125228,0.011925796984333954,-0.0015511584113580073,tagStandard41h12
0,424,0,129.44447,-1.7248003673208816,-1.4358669913445963,570.9564438281113,-6.470714079225444,5.269519015008542,425.41204228467086,-0.01531085413151565,-0.002543571861019493,tagStandard41h12
0,425,0,126.03982,6.916863192147731,5.582180783775015,598.8025949902607,-0.04639729898963071,10.239502973676736,425.39577982395724,-0.0000759844664835017,0.00919604551826778,tagStandard41h12
0,426,0,122.12617,0.7189359931714989,-0.11207255834142424,626.411993476625,-4.316520716410593,6.23811627611616,425.00441520168175,-0.00996134445702574,-0.0003388598266111386,tagStandard41h12
0,427,0,112.31322,9.700665328208741,-15.686765299184687,654.3196062665445,1.5298045071668294,-3.838731404208943,424.49784708663316,0.003799396593832055,-0.024323811094406518,tagStandard41h12
0,428,0,113.18634,11.339307601158678,-17.60091375314846,682.1618990286967,2.6528638247108343,-4.562010765651053,424.27462031764367,0.006259144958393356,-0.025972658313996432,tagStandard41h12
0,429,0,118.88828,9.468438731223841,-2.8924256261541372,710.3340835950685,1.467481850328739,4.597797594823135,424.3769834402359,0.003331323150376131,-0.004376893815022118,tagStandard41h12
0,430,0,123.40557,0.6454275099700914,4.548910777268247,738.4805168723863,-3.6731590622612194,8.849152335272777,424.501578202815,-0.008828616816428965,0.0056534060231075624,tagStandard41h12
0,431,0,120.687965,-0.4219096396992657,-2.4750665111014314,766.7743589832938,-4.23041562624462,4.9449684537110565,424.4312186725386,-0.009981954164099199,-0.003617984397347857,tagStandard41h12
0,432,0,133.83612,8.582967324212857,-11.598995081069917,795.4554677605977,0.7795389679321829,-0.0229903328120714,424.5662755783212,0.001592541369018139,-0.015025203330608677,tagStandard41h12
0,465,0,102.588776,-9.851521419022788,1.0852505729317283,459.3665223210348,-16.311633098099207,7.8989642844246095,450.37176600161683,-0.036749882127296504,0.003216113982474355,tagStandard41h12
0,466,0,120.74279,5.631161414216194,-1.3933201729262812,487.58680406748266,-1.3104098351248006,5.446283309907869,450.42695806983585,-0.002981233158321884,-0.00233427011348895,tagStandard41h12
0,467,0,125.1856,7.238315515888075,-1.3539153499532413,515.410612378841,0.13192498229585745,5.208717364356346,450.55611339817966,0.00015461913046324193,-0.0025106936840576678,tagStandard41h12
0,468,0,131.69962,4.6291251906778825,1.0157956013007372,543.0955744953566,-1.990172339116838,7.255495528127597,450.7090173712898,-0.004537588044144252,0.0019556991978850456,tagStandard41h12
0,469,0,122.07508,5.495559570602608,-10.240726735908538,571.0033948503401,-1.1112592561406134,-1.7951359347199511,450.6806676156233,-0.0025625164666324995,-0.018166532091663155,tagStandard41h12
0,470,0,112.05809,10.270201094664685,1.4472136610138464,598.9771035014097,2.35731763669287,7.437708697199071,450.84049993992534,0.00537547016803056,0.002238923206489817,tagStandard41h12
0,471,0,117.64744,8.511720073551032,-0.7183204030995977,626.8887165563644,1.001562842060992,5.822074820768194,450.51288481782416,0.002229572932517154,-0.0014281727560881564,tagStandard41h12
0,472,0,108.9563,9.169236938669883,-1.319627054967442,654.8322529868368,1.3434229466881795,5.498567650280393,450.44333982647106,0.0028995238641650258,-0.0021963149173307743,tagStandard41h12
0,473,0,119.267784,9.911432704654887,11.221624243218796,683.0093459788617,1.837448769839229,13.783399668203515,450.4486700098952,0.003991712912139831,0.01617370148494375,tagStandard41h12
0,474,0,123.820114,-0.5390950713687064,-1.5019696977830108,711.2420793031407,-4.811185504412889,5.507479675497167,450.3163225911864,-0.010873568590784501,-0.0023191280280144854,tagStandard41h12
0,475,0,129.00871,3.1965040310545896,16.37437754358291,739.6919673315035,-2.495417627669949,16.38294918602088,450.53748796764467,-0.005421421001611314,0.021801010768451784,tagStandard41h12
0,476,0,101.02922,24.027735959803977,-11.374618099183298,768.4150975137935,9.801122160631166,-0.37701065009486123,450.2372873591412,0.021567313426035496,-0.015356316857038399,tagStandard41h12
0,477,0,125.36953,15.3573391491542,-4.246328804853535,797.2807931693728,4.490047049825251,3.93338564277019,450.3051564365287,0.009957021424942836,-0.0058070211354780705,tagStandard41h12
0,510,0,111.57817,4.308221497456259,1.6712584556548218,458.7589030650012,-2.8814666869318435,8.60870402906636,475.949118945241,-0.0059164261364102275,0.004045253190883984,tagStandard41h12
0,511,0,109.901024,5.911954837787504,-7.567836065294899,486.8509521457732,-1.1416881010410407,-0.5492478310158616,475.83881306082907,-0.0022786873020287524,-0.015154150775129261,tagStandard41h12
0,512,0,126.79127,7.491508830075531,-5.427363482160787,514.8621153828999,0.39093566912782785,1.7245172292651318,476.0316270678298,0.0008316742790608266,-0.010273161918755566,tagStandard41h12
0,513,0,122.295654,10.508882857029334,-3.246671498225852,543.0111301040479,3.0603199184354826,3.830116854513846,476.2138963409741,0.006431184568147216,-0.00580650140574989,tagStandard41h12
0,514,0,123.48379,9.094810709786657,-0.4018998849004458,570.9199139457176,1.7782184500229625,6.263301132203594,476.40436628757465,0.003615497430650083,-0.000681321454621052,tagStandard41h12
0,515,0,123.30933,2.223899447554572,-2.0147358004242055,598.8893116573109,-3.8248315311042798,4.960520733565262,476.4285015274098,-0.008016914147742147,-0.0034361587280213085,tagStandard41h12
0,516,0,119.882675,2.7061405151134754,2.0975532123422904,627.0102128075858,-3.459114110242182,8.192424584958871,476.37489598607766,-0.007028422663877729,0.0033457165777299566,tagStandard41h12
0,518,0,117.32707,2.6876218206181197,2.3563036173159158,683.381473934854,-3.1913950943516616,8.244269279966375,476.3599339768338,-0.006566785685958526,0.0033517159459283004,tagStandard41h12
0,519,0,119.01884,5.722405586137709,-13.771394186707084,711.9862980698141,-1.1170907934870233,-2.740535678562992,476.1391318298864,-0.0021031726258010103,-0.01972949405306966,tagStandard41h12
0,520,0,109.0933,11.596356365281054,-2.8922370035442113,740.9239013402428,2.740034705507924,4.567214868086751,476.2570948373547,0.005738137315234137,-0.004435219477064315,tagStandard41h12
0,521,0,129.81485,3.7752567007640883,-6.220891073710164,769.400614009801,-2.166023283060951,2.8054086555470126,476.3463967668589,-0.004650154103751335,-0.008262912740710957,tagStandard41h12
0,522,0,121.45754,2.944239485358479,-11.993236530227477,798.5583845150703,-2.610969934296861,-0.5840733824135779,476.3608283196764,-0.005676814247343469,-0.015422062574861652,tagStandard41h12
0,555,0,116.613495,12.555662821157114,-3.5329135672018324,458.0175750575048,5.911931192137672,2.9888703059685886,502.1706104108913,0.011833414479349066,-0.0074787755020016,tagStandard41h12
0,556,0,113.7736,9.789520043891343,2.060679407128758,486.0753792652958,2.735033001076262,9.08666236159064,502.2702339882088,0.005509659088262847,0.004669531251293797,tagStandard41h12
0,557,0,118.47621,5.717257262857174,0.16971663962419756,514.2117541793211,-1.3468468913701477,7.107559114841536,502.41111565990144,-0.0028874758598112,0.0006527471470885136,tagStandard41h12
0,558,0,128.59717,5.152897948171926,-2.296669512155973,542.5135556077909,-1.8674419322056217,4.632799762571096,502.4019848753834,-0.0038475113162976665,-0.004052068855843767,tagStandard41h12
0,559,0,124.02589,4.9664099928173755,-3.327151265462476,570.766669763319,-1.85130232033714,3.828163506575493,502.62019030455156,-0.0037524531227649516,-0.005770343614488603,tagStandard41h12
0,560,0,128.96796,3.5957357148222395,-2.6925641062650816,598.925810863307,-2.8825848114746573,4.478216920846705,502.7614476216604,-0.00576924227276287,-0.004567258205370228,tagStandard41h12
0,561,0,118.77872,12.98948111422578,-8.51580197484259,627.3968372774849,4.559916999177517,-0.1603146075169667,502.7706025874946,0.009117732379313669,-0.01374171428527115,tagStandard41h12
0,562,0,114.33759,-13.541191142747948,-1.2592703540434498,655.3630522079336,-16.046239092128133,5.72821330567905,503.004862836835,-0.031701082742069966,-0.0020934874377049406,tagStandard41h12
0,563,0,122.9334,11.298696835001008,-7.536825407224798,684.1471284680156,2.9358772827366693,1.1797783258321028,502.7283323642273,0.005896187187713433,-0.011289316682621842,tagStandard41h12
0,564,0,117.65079,2.705136868749833,4.547472638897602,712.8686728921398,-3.235925291855493,9.845638641667222,502.838670556396,-0.006447534623608633,0.005872713468832424,tagStandard41h12
0,565,0,119.35606,9.1456987757349,4.942058813792982,741.8876674689143,1.205040512452173,10.021396696705665,503.0310683070242,0.002458026088836147,0.006318001383508766,tagStandard41h12
0,566,0,117.05894,4.500325266523305,-0.654850552334438,770.7722313150765,-1.8116872526744594,6.209617281852616,502.97002597028853,-0.0037747582115909115,-0.001358847087260078,tagStandard41h12
0,567,0,134.87294,11.94799116683862,-6.411884364264667,800.0731278674664,2.9572829280053843,2.5597249453325044,503.27915136963827,0.005611286097712611,-0.008517807371663183,tagStandard41h12
0,600,0,117.07475,3.514391760352908,2.940007172038292,457.22166354939657,-4.157291992848626,10.354485029450416,529.0529747747386,-0.00798947533236253,0.006894580099440608,tagStandard41h12
0,601,0,101.942986,-0.5267111622663392,-11.026899239908118,485.4215302581138,-8.396187570166603,-5.207654909835468,528.8163096272681,-0.01592809577962699,-0.022379015139689724,tagStandard41h12
0,602,0,112.99327,17.111830814168396,-19.1865360875554,513.8593095706209,10.04520607376969,-12.956801214314398,528.883330808013,0.01922601124270212,-0.037165406691900695,tagStandard41h12
0,603,0,129.44221,12.2963763103985,3.1706693171778384,542.2792627690364,4.840757251066635,9.853606196657552,529.2841075415438,0.009118910006087777,0.006057724026040521,tagStandard41h12
0,604,0,130.2065,0.30069343920501973,-0.6122158200786316,570.5994766150574,-6.42915646876554,6.028041389653937,529.3330736142964,-0.012185773817938757,-0.001042558206063497,tagStandard41h12
0,605,0,133.63326,-5.536664075205636,-5.444808571160137,598.9974944440178,-11.207155456905753,1.7728740107744456,529.5513217957256,-0.021226715745532438,-0.009213065874920996,tagStandard41h12
0,606,0,121.64265,3.849144865416294,13.893315722474426,627.5926982116544,-2.7507548630804854,18.53031048293076,529.8959241402882,-0.005339179238963796,0.022189817116238176,tagStandard41h12
0,607,0,117.79722,10.593741790305444,-2.813747588188336,656.1089343057355,2.596180598091792,4.401025142456547,529.7514894996018,0.004871127241679357,-0.004508750124122158,tagStandard41h12
0,608,0,128.504,5.433264546223656,11.025615586025197,684.811352008297,-1.381773433062106,15.211053919982874,529.9849949650269,-0.002671922500491573,0.01585927814645566,tagStandard41h12
0,609,0,127.88856,3.851343670878805,-0.059805970898878985,713.7786420891927,-2.5813099180601276,6.453645428959703,530.0095454855057,-0.004797750163614374,-0.0005529798825997249,tagStandard41h12
0,610,0,129.36137,4.065242516226818,4.199236218583677,743.0713596859589,-2.322987905709964,9.599362439985043,530.079824007088,-0.00440229986138026,0.0052120100885942695,tagStandard41h12
0,611,0,123.23739,14.844093657502754,-5.013423724030192,772.1900831770845,5.161849959142046,3.079384470328477,530.2325777320759,0.009531959522911873,-0.006957332998212235,tagStandard41h12
0,612,0,129.45595,0.27302385524091977,-17.154912689137063,801.4265058723906,-4.711988384834286,-4.726156442951605,530.3700599452146,-0.008951634755223559,-0.021690646432223275,tagStandard41h12
0,646,0,118.516655,1.3369534316930742,-8.607252194263936,484.8073505643171,-6.619991608376608,-2.7226347449869754,556.0417408512617,-0.01188390741666338,-0.01736143352824933,tagStandard41h12
0,647,0,123.784935,6.355840527020632,0.5554058683268287,513.2681826538385,-0.967705685111695,7.553982636634146,556.2341862760813,-0.0017913721205369089,0.0012330254888878957,tagStandard41h12
0,648,0,126.374954,11.010987170718636,3.8524138076796803,541.8578146855631,3.859463819870713,11.053769035516211,556.546886626286,0.006911620708163632,0.007421139191808296,tagStandard41h12
0,649,0,126.273254,8.346915939524251,-3.692244527505978,570.4652178323162,1.075403760557379,3.3054205037268503,556.5050406480058,0.0018111105525795794,-0.006483419482309219,tagStandard41h12
0,650,0,122.31707,-2.600550434362731,-1.1427997806254095,599.0704655911504,-9.077135189004252,5.79885600662658,556.7128861031691,-0.01642257872830451,-0.0019848039757323676,tagStandard41h12
0,651,0,115.18657,10.497922015348763,-5.908317211132386,627.8757710515185,2.8968918205148384,1.6419827290069402,556.7614747694699,0.00521128659728703,-0.009580063919836622,tagStandard41h12
0,652,0,123.99829,8.145096840974588,2.643542712138241,656.6011537333537,0.6851373533786511,9.016711714243456,556.9535165031284,0.0010703109880167811,0.0037459798709712673,tagStandard41h12
0,653,0,123.84525,-10.683829486342804,-12.60674753610999,685.3629655646556,-14.541236892763209,-3.387268248854637,557.1208866051862,-0.026173533983293223,-0.018506546846901322,tagStandard41h12
0,654,0,112.94316,8.017901082424258,-14.466913174792923,714.7445333150858,0.5082370443789154,-4.538088471522428,557.2737427919915,0.0007052181574517644,-0.02073164138668333,tagStandard41h12
0,655,0,136.01508,7.15130852378195,1.3956150234954512,744.0665557661997,-0.07650593093592212,7.708006752093183,557.6693242210607,-0.00036022648764394297,0.0014528505547641677,tagStandard41h12
0,656,0,118.03931,9.588273155343131,-2.284983945613932,773.3812900519143,1.5158398335378258,5.104280352597698,557.9704656909246,0.0026978305203165165,-0.003302188132818225,tagStandard41h12
0,16,0,97.91887,7.10999869626869,-1.9192460035122858,494.3342503171715,0.10499259006454113,4.903349070373281,207.7626559732814,0.001208867434125686,-0.0036682018134847915,tagStandard41h12
0,17,0,103.30051,1.1341119676926608,-1.1398196237964842,520.3518454166186,-2.282532092977419,5.246930989432741,207.51331910172865,-0.010392926337066984,-0.0019332999303964267,tagStandard41h12
0,18,0,89.83713,-0.6215337739894277,-8.045690337515225,546.7817262455483,-2.9306955010476936,2.657507551983628,207.10883349568465,-0.013461216253242696,-0.014653611466307335,tagStandard41h12
0,19,0,94.825035,17.641872014579235,4.876045632497606,573.4092960293505,3.801560387972473,7.511806858515512,206.87224636054515,0.019158973987391217,0.008576444591476254,tagStandard41h12
0,20,0,84.12796,1.3882973675483772,15.109056701688814,599.444166477239,-1.836942647641591,10.954531958425832,207.01520770662,-0.008876908189154256,0.02518901145374947,tagStandard41h12
0,21,0,99.48378,11.587760512606224,4.870378449372309,625.9744049277139,1.707526419324922,7.329817579494602,207.0745841687451,0.007737824299887549,0.007630902229942098,tagStandard41h12
0,22,0,102.35225,-7.313776349055047,-3.2938788948184756,652.0806870013782,-4.407394437222449,4.791064512195505,207.166723527214,-0.02146118630606375,-0.005055240138225649,tagStandard41h12
0,23,0,100.158455,1.186414732588785,-16.038795802309778,678.6812983662306,-1.6937538446792644,0.8782400114531301,207.03541604582045,-0.008124204050296506,-0.02365494282093237,tagStandard41h12
0,24,0,92.220825,-5.626524080438229,3.635053760415645,705.2100692478427,-3.6287019450573146,6.863106986818196,207.36516764995446,-0.017502640494107984,0.004988905791328829,tagStandard41h12
0,25,0,111.01231,12.99276482880282,4.82791654403445,731.8880164176497,1.7846298085594023,7.114574382795695,207.20711321672903,0.008505534674792875,0.0063301670686166794,tagStandard41h12
0,26,0,119.09807,-1.1882992151139447,-10.85079138791491,758.3981645969757,-2.176376618787344,2.644539642973371,207.14017054401182,-0.010338137210388489,-0.014718109554296246,tagStandard41h12
0,61,0,97.129715,8.275239947669377,4.971097184738084,493.79609196320524,0.6873544146413916,7.786187200249401,230.4375446427,0.0032237927919704415,0.010279896749154966,tagStandard41h12
0,62,0,107.21179,6.0191048696790395,-4.800559808633808,520.1603996090199,-0.41657942917132074,3.631878663563242,229.89645888370183,-0.001167487716799125,-0.008950192408413327,tagStandard41h12
0,63,0,97.492805,-2.224304146110967,-1.484777115386805,546.6399312387653,-3.77742374975395,5.194522132915666,229.66147577582973,-0.016339990990525348,-0.002484101203700845,tagStandard41h12
0,64,1,82.11719,4.530102708183563,-0.9147755324781889,573.1355450223351,-0.918751889748392,5.33907443563362,229.38208742894804,-0.0038275770825389644,-0.0015663972463160216,tagStandard41h12
0,65,0,95.94684,6.717615148844857,3.134077894114511,599.6866329843951,0.15653091562470053,6.928353499641389,229.3327978931895,0.00004977761449355189,0.005380541158857404,tagStandard41h12
0,66,0,106.42016,1.4126138693073924,-1.9456531950372666,626.1230350273225,-1.7713252683088279,4.991156512010548,229.6279074525138,-0.008316270041388537,-0.003158566875595831,tagStandard41h12
0,67,0,107.15269,0.10792274983486921,-6.766412283830732,652.6551244874836,-2.1929039961069914,3.2951022246806194,229.831904931633,-0.010209687383692101,-0.010544961244982253,tagStandard41h12
0,68,0,94.2834,7.996024753045845,-0.30646323533403674,679.3240667873046,0.4615652245604174,5.501609235694872,230.14747587427465,0.001826118509103125,-0.0006676841018854701,tagStandard41h12
0,69,1,97.282234,30.735566647382253,-18.04683978479807,706.1786155648036,7.849650327035022,-0.2177657072490443,229.989276322666,0.03397721431271536,-0.02550139465911323,tagStandard41h12
0,70,0,96.44315,-1.1020386628282528,-26.851330758644735,732.6916036263666,-2.1744848338940987,-2.8579805558700566,229.97343934460002,-0.010578245699449856,-0.03679534941570657,tagStandard41h12
0,71,1,95.39064,-13.320723852174414,-24.00398728964069,759.2765052942497,-6.446606106909854,-1.6929114566166552,230.07501357864254,-0.02649550293460448,-0.032157562369287934,tagStandard41h12
0,72,0,108.06369,25.842676935602867,11.145234190144716,786.4201714988894,5.969761156711173,8.967197902507706,230.92449645329245,0.024550768021101513,0.01361475382993087,tagStandard41h12
0,105,1,95.592186,3.4577047682990383,-0.8081257274805016,466.4698860201594,-1.777188946060334,5.424645092283328,253.078754765063,-0.006629959474158402,-0.0011900433917242407,tagStandard41h12
0,107,0,93.547134,23.247494440463413,2.1410446257932536,519.9201595445419,7.756517992167574,6.813814656833556,252.7156684428287,0.03141155559081734,0.004291577024868728,tagStandard41h12
0,108,0,99.91069,12.380042212878607,-6.417650412487207,546.4557830767714,2.3181247720537503,2.6522012017863683,252.44449272249742,0.010182471484834745,-0.0115468508738205,tagStandard41h12
0,109,0,97.41908,-11.481008009805578,3.5833645930339357,572.8926581218899,-8.217457386207116,7.243459470844869,252.24794475338084,-0.0320283237705524,0.0063986189199683845,tagStandard41h12
0,110,1,105.97922,23.353061640619785,-8.35445108639556,600.0069071234088,6.7587028389329475,2.2964359299630237,251.96333710089644,0.02747000183034905,-0.013875090357723522,tagStandard41h12
0,111,0,94.20951,11.629367311016267,-2.2034598780543333,626.5521271210024,2.0683968984324683,4.612074481952959,252.35380294326836,0.007923148710020174,-0.0036112869062765473,tagStandard41h12
0,112,0,98.356804,-4.917893587230195,6.194860369038794,653.1471798279848,-4.52367469970025,8.046234373251963,252.8156840433667,-0.01791422206886858,0.009228522977321636,tagStandard41h12
0,113,0,103.77996,11.867421588460845,8.462420765191721,679.835123808331,1.999306396841065,8.818483790025454,253.04997180895904,0.007414950262731862,0.012109161043157061,tagStandard41h12
0,114,0,96.07004,0.5167469237435385,-10.83817911213771,706.6641538773621,-2.188404752385338,1.8483825897256454,253.00393703192168,-0.008859003119436097,-0.015616485325443848,tagStandard41h12
0,115,0,113.76976,3.7095154767104064,-9.424697065477403,733.7233627882899,-1.1123738740635074,2.4780715226101506,253.06264282775334,-0.004219219128952428,-0.013213162221691433,tagStandard41h12
0,116,0,109.99712,-5.78716120229433,-15.956977572869278,760.4206664932298,-4.150834565492033,0.4805133257042376,253.2517785063405,-0.016593720944678036,-0.021382067226530695,tagStandard41h12
0,117,0,116.09706,3.739860617189378,-7.038008178339511,787.425931184389,-0.9069170644760329,3.4469306112465006,253.7180561875749,-0.003933375814705775,-0.009507037940882744,tagStandard41h12
0,151,0,104.552086,5.744508505006139,4.501867311695434,492.5670106776791,-0.5837057228252992,8.559866136283063,275.89464982830157,-0.0019652332432017494,0.009406741414498418,tagStandard41h12
0,152,0,96.64564,12.787159228100336,-1.8376733948534836,519.3281523711377,3.02966593875982,5.156724305363468,275.7613264782785,0.011386299859740863,-0.0032734431297257774,tagStandard41h12
0,153,0,104.95353,14.077359773426563,-8.253962575451625,546.1931286150029,3.530070455299381,1.827743743782548,275.6330379850992,0.013325878717561801,-0.014967787928780436,tagStandard41h12
0,154,0,102.93435,4.1133965154494945,0.26705487268532074,572.9987805370707,-1.2716042400602412,6.113315485669773,275.5098989629657,-0.004746139992242636,0.000437762312688041,tagStandard41h12
0,155,1,101.15931,13.617441156507311,-2.54211633374314,599.9572782013431,3.1251516923043714,4.880186310605211,275.47706676195986,0.011222406405273977,-0.0041889589633738135,tagStandard41h12
0,156,0,93.37857,-6.115524526448554,-4.8769493257456125,626.6947030566802,-5.5348033933448155,3.8692990087273538,275.47430844010466,-0.020565677536320146,-0.007976810185592409,tagStandard41h12
0,158,0,105.647194,-4.333724156043672,-2.2238698369964136,680.5234405158311,-4.445060811964196,4.96193713017749,275.8022017207157,-0.016381141156891637,-0.003661422421326412,tagStandard41h12
0,159,1,107.200195,17.29759293979214,-10.46876238126629,707.7023132930022,4.140075667583517,1.767809783015195,275.9262474721098,0.01467318507862777,-0.015201120398748437,tagStandard41h12
0,161,0,102.30821,3.1859271040173103,5.304011823804558,761.6082573683431,-1.2222699232320897,7.8684461777170895,276.82568259114913,-0.005001514750252667,0.006647905874518189,tagStandard41h12
0,162,0,116.3219,25.4238535853442,-17.161745637975176,789.025603020089,6.594082841397949,-0.20587656445718575,277.08744961223664,0.02341041442260739,-0.022141243981088077,tagStandard41h12
0,195,0,100.13374,-9.1440240293893,-6.033756738946635,464.7780688867697,-10.192516768632629,2.1756909310855135,299.4472041096513,-0.03432658110648587,-0.012647282980342078,tagStandard41h12
0,196,0,96.91911,10.606293886127332,-1.2124009229764865,491.9752766483575,2.2273720184292647,5.2715093610060535,299.52291907681706,0.007650102864559031,-0.0022373928336897474,tagStandard41h12
0,197,0,110.70166,-1.2369399118783813,-6.666130213102292,518.8828443246906,-4.664898429109485,2.169367888493071,299.42317283950877,-0.015541637275733588,-0.01269774710299701,tagStandard41h12
0,198,0,108.24987,2.700038206983322,0.1619322852270667,545.878354210696,-2.362436043715433,6.152511546963808,299.5106020195381,-0.007690675145692353,0.0003817101301154182,tagStandard41h12
0,199,0,109.03622,2.501950142543478,-3.926818682089561,573.0200701743904,-2.4450378798035213,3.9094467477118546,299.0719597641085,-0.007782445722638782,-0.006900719572078869,tagStandard41h12
0,200,0,118.42397,1.899314365791383,-4.196803512812835,599.9919161729847,-2.4337201956454346,3.777263434166287,299.03346910026124,-0.008135091008503013,-0.006984404377741104,tagStandard41h12
0,201,0,106.34782,-4.050068104003117,2.318993535787627,627.1342429623047,-5.207895194623744,7.030664971788611,299.0211449264639,-0.01748581046258116,0.0036862220483132066,tagStandard41h12
0,202,0,110.36892,-1.6715735952921014,7.059804455145695,654.0275512470989,-3.8862862426078655,9.055059171752134,299.1592605676479,-0.013070201702514179,0.010567212040852121,tagStandard41h12
0,203,0,108.36173,4.355543846182058,-8.16106341529212,681.3875384674819,-1.0858426934041174,2.3540195850666237,299.285871631353,-0.0037306960205485424,-0.012253163547022921,tagStandard41h12
0,204,0,104.53902,-4.182839099923628,-13.624359850701353,708.2851939118887,-4.641960034870408,0.02020791485523489,299.5225792421088,-0.015534822302953319,-0.019710749070631913,tagStandard41h12
0,205,1,101.677826,15.8568767656717,-0.7982792700355522,735.756108006667,3.539106068519289,5.504390351148572,299.7895666129342,0.012119750789564229,-0.0015380551215818173,tagStandard41h12
0,206,0,107.50191,10.590310712623022,-5.74288751728534,762.9674255629067,1.642103581572997,3.5065307145503652,300.41903357215296,0.004766376898528503,-0.007772407577147411,tagStandard41h12
0,207,0,107.28474,19.507994504092494,3.9000506366434116,790.1792238338388,4.896745381488359,7.284545766934342,300.8689181408937,0.015879280880849125,0.004480028005474179,tagStandard41h12
0,240,0,114.384766,7.586941337285623,-1.74403012995191,464.1208761084264,0.5269894012755577,4.934094690345205,323.09845980041325,0.0015909231046997274,-0.003320459732960045,tagStandard41h12
0,241,0,109.30398,5.190686408013676,0.021675780082943494,491.41235859392884,-1.0146003794149003,6.2109378953545615,323.3423873773874,-0.0034466400523298674,0.00035734326394236507,tagStandard41h12
0,242,0,109.351135,11.131600689412492,-15.08484805668809,518.7839219000954,2.6557632386081873,-3.3062970630821273,323.25296213489577,0.008073068720663277,-0.028982034511417933,tagStandard41h12
0,243,0,116.108025,18.804444160323442,-0.5972225353966701,545.9253298746014,6.915501877606119,5.741493002407366,323.4272244824659,0.02172361895465347,-0.0011114244351836393,tagStandard41h12
0,244,0,117.11107,5.631428340158664,3.4321218188945286,572.9244430489459,-0.8396277315977717,8.037812125674634,323.2418513225174,-0.002219354359235984,0.005952821497138364,tagStandard41h12
0,245,0,109.085915,14.457005326838384,5.267091866874351,600.172655299224,4.111643956087392,8.919723819536557,323.0801738052546,0.012689015212355045,0.008894109801591155,tagStandard41h12
0,246,0,118.32464,8.68888405088228,2.6395084143584873,627.5586276854624,0.8287054060700152,7.364612538231086,323.0341582540217,0.002771471435104914,0.004183445292458804,tagStandard41h12
0,247,0,119.60608,4.622432568437603,0.2849041820358019,654.6954797374461,-1.1305675803173465,6.07942820898262,323.0277924149375,-0.0035382491316518034,0.0002473955919125222,tagStandard41h12
0,248,0,99.51071,19.52285899077424,0.31465750925337704,681.9915306890422,5.971289450885593,6.133359688555969,323.1897959305435,0.018438731782383595,0.000245146033469272,tagStandard41h12
0,249,0,107.08527,-0.8604316569414996,7.486897511954112,709.2971941958974,-3.6354495132359816,9.35961721680576,323.6173858114899,-0.010871169688008433,0.010210740290819349,tagStandard41h12
0,250,0,115.14204,-8.306783331872339,-5.130882725431319,736.6546007547771,-6.601720618568833,3.6799367619770473,323.7134191491427,-0.02063691190389046,-0.007180555134527834,tagStandard41h12
0,251,0,117.20185,16.514865647440047,-13.45092956617191,764.0552535994674,4.101974659018367,0.23427125784729647,324.070582234215,0.012463320988013712,-0.01796294741349436,tagStandard41h12
0,252,0,129.99358,16.23929439005849,13.137086128816803,791.7532638205078,3.9905387511960284,11.18995611062519,324.8212157279425,0.011726812796980372,0.016131295446768598,tagStandard41h12
0,285,0,111.73842,7.884010597164605,5.1884893315952345,463.48802960013444,0.8531020612865644,10.356162463381736,347.38594924588944,0.002020904858614892,0.011949256115190625,tagStandard41h12
0,286,0,120.37302,3.3722834713037737,-3.062738377431686,490.83512641623713,-2.4840119331465753,4.068750739406823,347.4764287994403,-0.007183988866424166,-0.006067085735491597,tagStandard41h12
0,287,0,117.088554,15.840227758279354,-5.898704001106582,518.2038425996524,6.0134613981501275,2.219767553297344,347.61357241852096,0.017190284997319706,-0.01122144869448191,tagStandard41h12
0,288,0,109.24255,16.53402105931491,0.2582890670220175,545.68060215116,6.003306114293026,6.206905667166892,347.8259082635057,0.017517416934823848,0.00041165539226663506,tagStandard41h12
0,289,0,114.88904,-4.398296280235968,-1.1544486726385226,572.7695458944328,-6.854088466440145,5.505742109846609,347.577944669994,-0.01976295504259451,-0.002042034914552551,tagStandard41h12
0,293,0,114.79894,8.516850994883724,-15.241867151185149,682.8134122067466,0.8355559371033789,-1.6665197855172096,347.2864612934319,0.0022198135291117064,-0.02274086077974833,tagStandard41h12
0,294,0,113.51585,16.76199025616006,-12.091259513869206,710.1575251852157,4.936733371054061,0.15235330639467232,347.66215343392213,0.01386152144983947,-0.01733445398010238,tagStandard41h12
0,295,0,108.96402,18.33760044459268,-5.069227295009685,737.8221368727873,5.398532251694689,3.5469903680502166,347.9825733997675,0.015269550015486614,-0.007232202900427623,tagStandard41h12
0,296,1,117.67686,-26.18106725480391,-17.374432467729203,765.1122201804669,-15.18064720623721,-1.966116847516501,348.3943891813158,-0.04335634119210327,-0.02329058982101969,tagStandard41h12
0,297,0,105.36648,8.69521806680541,-3.607039861434374,793.16947869383,0.6864529761499517,4.407303010797364,348.81030063455586,0.0019167085900323802,-0.0049673636610777835,tagStandard41h12
0,330,0,125.351006,11.3551420883486,-5.596118875986919,462.6550994767947,3.5059268434792448,1.9664954496417404,371.5245366170693,0.009310749882803534,-0.011515276629682405,tagStandard41h12
0,331,0,119.57435,2.8148764851815704,-6.661767347818625,490.08739671055616,-2.9461737468113256,1.346333501591062,371.936207867853,-0.008381820401129612,-0.013022918569180473,tagStandard41h12
0,332,0,119.32777,12.038327247256575,-3.344879448798339,517.7922495918634,3.6675858958777217,4.087049755541556,372.2999462334996,0.009747180385422969,-0.006257784040491005,tagStandard41h12
0,333,0,131.20297,10.58671550544625,-0.7525341106448891,545.4257996675879,2.452858468893795,5.8516073483163495,372.5221686530284,0.006518848100029785,-0.001288206106745663,tagStandard41h12
0,334,0,118.355774,5.194438482839586,-4.627162066395841,572.8549205664197,-1.0884916285866661,3.4756598531764666,372.4227688079947,-0.0029266803442247556,-0.007942522866110588,tagStandard41h12
0,338,0,126.37456,4.068728777080196,1.1114240124110206,683.3833751476845,-1.5418545511228663,6.939408425581917,372.1733636578456,-0.004372441514142777,0.0014392295450447819,tagStandard41h12
0,339,0,110.39811,8.057473577851283,-6.700678378295721,711.1095888312823,0.5351744611430721,2.879062162261448,372.350554953453,0.001371514357726362,-0.009605420638711193,tagStandard41h12
0,340,0,126.29849,7.729531722305295,-5.1072431434329255,738.8746242230399,0.4228520565828835,3.6261842479113398,372.61440501818595,0.000969973507468765,-0.0072442579580413585,tagStandard41h12
0,341,0,127.051796,6.852881995416397,8.09515683938173,766.6873626218398,0.0310248439664077,9.983859156968037,373.0927949399113,-0.00026222032079581983,0.01010311060746703,tagStandard41h12
0,342,0,108.80622,4.6037444099276845,-5.054268515558875,794.5869959765854,-0.9712939119245898,3.6632522575497433,373.3341606561128,-0.003187073867454934,-0.007108760689877484,tagStandard41h12
0,375,0,127.330536,12.288536155743712,-13.495064412861383,461.76735944756143,4.605878802989081,-5.103416512475179,396.39838078565583,0.011345286855738526,-0.028831824908104087,tagStandard41h12
0,376,0,128.25414,13.316580474471264,-7.306888305445343,489.6585252400583,5.3330495780958245,0.6077113413094246,396.940323767159,0.012901324103621215,-0.01446615171457537,tagStandard41h12
0,377,0,118.41182,5.248224370268304,-2.4402213602985516,517.25105217195,-1.4175210458867575,4.554744042400728,397.3046568072154,-0.003695734940179643,-0.004517017508333154,tagStandard41h12
0,378,0,123.68045,-1.767455793536328,1.2142423676209548,544.9530224263709,-6.370705699263509,7.303721456027007,397.55389251603,-0.0161808557339509,0.00241621049204826,tagStandard41h12
0,379,0,132.37866,-1.1109340075487355,-2.5654942454680167,572.7132911155522,-5.4787261381469525,4.583246837328773,397.6536624516407,-0.014122281575793238,-0.00441116634252813,tagStandard41h12
0,383,0,119.9068,17.962836009382272,-7.578342589967635,684.0511108614593,6.36789278065163,1.9296632641841702,397.31351039889404,0.01579798412852369,-0.011251248989740384,tagStandard41h12
0,384,0,118.056885,6.918791192494836,-4.383263673779653,711.9012262226006,0.16753761395796166,3.882294876945309,397.5735879855272,-0.00020473600737061482,-0.006415814721037382,tagStandard41h12
0,385,0,113.655266,17.288532497735556,-15.460839660027661,740.0077592367742,5.5267171480440425,-2.086954756637568,397.6755809072646,0.013685568572892532,-0.021396598478941674,tagStandard41h12
0,386,0,113.09683,9.45657056438631,-12.685698611074374,768.122306399681,1.2234067067748242,-0.3341895430612,398.0526819439772,0.0030723779354006227,-0.01693922833581139,tagStandard41h12
0,387,0,120.35981,12.822426598055358,-2.0101342515224605,796.2963696095983,2.9126418379239003,5.193834803981531,398.3843432617437,0.0070987978816654486,-0.0031143954492614187,tagStandard41h12
0,420,0,115.72035,7.056748802249045,-13.874633028052756,460.77857780327474,0.033443502984140824,-6.007229114492645,421.45869849737466,-0.0001406906223289927,-0.029464807902182918,tagStandard41h12
0,421,0,116.06836,9.045477288873542,-4.0821186253635355,488.89671276653104,1.842167133242015,3.0881144137308065,422.11911694418274,0.004104893943529796,-0.008044937557013177,tagStandard41h12
0,422,0,118.92371,5.75453779471195,-7.396639070575703,516.8130613473492,-1.0002793870367555,0.5498815339960289,422.36984536521646,-0.0025558744370482644,-0.014053352765738438,tagStandard41h12
0,423,0,122.35913,5.005478881922385,-4.2490386044431725,544.7514878306569,-1.4813924452161014,3.198130092537099,422.69923868610675,-0.0038409436000913064,-0.007787274695410003,tagStandard41h12
0,424,0,119.99074,9.717904528044642,-5.737446423164784,572.7152132803016,2.027977732607497,2.21151935622629,423.0951515219916,0.004635239679288349,-0.009948623519951537,tagStandard41h12
0,425,0,120.186844,1.559948251769471,10.661737631898063,600.6309164121917,-4.025545665586888,13.862020323068805,423.27016939280855,-0.009273803541331753,0.017595669937762244,tagStandard41h12
0,426,0,121.277176,5.42150397191847,7.301484066281431,628.605696192405,-1.0964207547705755,11.362099798992006,423.0020362076761,-0.0025784636830554894,0.011446992317965974,tagStandard41h12
0,427,0,101.883415,9.62142383905848,-3.7006090776200167,656.7124513252768,1.4554889155463688,4.019477720755162,422.80206352892674,0.003523140167589874,-0.005956055726480597,tagStandard41h12
0,428,0,109.17262,10.965430237103076,-20.625838930484292,684.7908898036914,2.3266956164372905,-6.407744003835774,422.63731647412493,0.005519256130727071,-0.030358016719219318,tagStandard41h12
0,429,0,108.9159,7.322546070116685,-11.260568692225094,713.1042374346893,0.23473713031495433,-0.2504890268421605,422.8889661725069,0.0002913692098413547,-0.015939427605057288,tagStandard41h12
0,430,0,119.57287,0.5614181001940314,-8.099694701155386,741.1703288631358,-3.810398356935707,1.630262199554807,423.18068556127747,-0.008949066905546196,-0.011261016739433409,tagStandard41h12
0,431,0,117.99652,-5.89691909814701,-4.194704106742619,769.4114240001784,-7.189299687089828,3.9710926379076463,423.519338265837,-0.01699991785117471,-0.0057192081448646185,tagStandard41h12
0,432,0,131.74228,-1.8526426976853847,-16.182308296263272,797.9513145638988,-4.6953077649749275,-2.5104080516386484,423.52785284690134,-0.011374884600253446,-0.020959541434926683,tagStandard41h12
0,465,0,110.342735,17.222013739770034,-5.008684225548906,459.9540377635634,9.837844391183637,1.770931530254187,447.3561396755714,0.021975807106835284,-0.010458320982141184,tagStandard41h12
0,466,0,124.139336,10.834699234017933,0.8722166181697717,488.17551357314557,3.469916485458328,7.547921440349398,447.7281768440887,0.007555151277226518,0.0022942097404434615,tagStandard41h12
0,467,0,122.68043,12.075516051390878,-1.3524777067083293,516.3589479825162,4.241128112961804,5.4154335611607385,448.1362595336663,0.009308920623669373,-0.002318491435639821,tagStandard41h12
0,468,0,116.350555,8.782247409712681,1.6171220624095202,544.5274761784415,1.3315940400613053,7.944281327680301,448.40549934527434,0.002907427877527052,0.0031485947386611047,tagStandard41h12
0,469,0,122.66564,6.939250439310512,-5.040068530290683,572.5681342417348,-0.0105478950190442,2.5928721477360455,448.5356957763328,-0.0002834158880014105,-0.008722587748496836,tagStandard41h12
0,470,0,116.40257,5.37511293904049,-7.20924516614673,600.7029663359773,-1.3100203464454125,0.9039005208651362,448.84002229963477,-0.0028693983223268696,-0.012439980768254717,tagStandard41h12
0,471,0,121.15055,7.603680266838864,-8.20977873552272,628.9557008542749,0.2986644454954331,0.5753301492476339,448.633075987271,0.0006967179790715744,-0.01332345732900455,tagStandard41h12
0,472,0,119.14833,6.649153846770559,-8.232699617897538,657.0474221206256,-0.3101508612487577,0.8520069780880135,448.65259951999843,-0.0008511878944536598,-0.01277491581792401,tagStandard41h12
0,473,1,122.908646,2.777924739499553,-4.439427591769913,685.4213179215958,-2.926780082145228,3.5188581973291666,448.7462521929465,-0.006465393985413546,-0.00670663362039938,tagStandard41h12
0,474,0,131.13454,5.832355946661891,-5.106068419224131,713.8632195193187,-0.8008023493546825,3.2868860200924814,448.9435716175755,-0.00194967226214067,-0.00736412116061368,tagStandard41h12
0,475,0,127.715645,10.35075249833426,1.3470940800864342,742.4579781626378,1.9349389253253557,7.188255929107015,449.08296027054524,0.004142594579400361,0.001363482565495827,tagStandard41h12
0,476,0,127.46088,13.140687856330715,-0.3447864577594844,771.0952033847275,3.481450718699876,6.083153672599792,449.3249739367417,0.007447706780057557,-0.000872711181167782,tagStandard41h12
0,477,0,119.180695,16.542519005433064,-5.814234918694298,799.9109895494419,5.182584669200764,3.002321524796002,449.47420226423895,0.011532365346145997,-0.007679926681856467,tagStandard41h12
0,510,0,109.939896,-1.4719010188478587,3.743714162686558,458.88047996648294,-8.895286949899797,10.595129594416507,473.4371609445059,-0.01879477734730777,0.00862111901771322,tagStandard41h12
0,511,0,113.55906,9.107594509975911,-3.4008757863055634,487.4965984879437,1.9452951375464527,3.3744221891492994,473.5064320556567,0.003934211608647888,-0.006643756394121388,tagStandard41h12
0,512,0,125.87994,11.099011660142935,5.241432562497037,515.7439270530693,3.630179250942264,11.535261466966574,473.9419198880958,0.007533332300788645,0.010291575928192381,tagStandard41h12
0,513,0,119.498764,19.168358402958347,-6.6735311658249,544.4453636075197,10.465760030124557,0.8594582304899618,474.1067178893751,0.021849398971092004,-0.012202489407067354,tagStandard41h12
0,514,1,120.43233,16.46280107556231,-0.28341450484743036,572.5137995727756,7.7234546823002015,6.390910917585699,474.46895162647263,0.01612354030620914,-0.0004553060447218758,tagStandard41h12
0,515,0,132.59666,3.0518761124700404,-0.036724512658225114,600.7538333969272,-3.122095182096756,6.59195010805837,474.67969555082874,-0.006730769683116716,-0.0001755981176719355,tagStandard41h12
0,516,0,120.17305,6.156558413653783,-3.9431350233035127,629.0951911556476,-0.7231301462132929,3.7184223157418614,474.644757075542,-0.0015461486856191801,-0.006283661280396088,tagStandard41h12
0,517,0,118.98457,8.339863569177055,-6.0185221542112695,657.4639311624453,0.7676995905912352,2.191729830076042,474.7291414111598,0.001525021966441519,-0.009382470894520193,tagStandard41h12
0,518,0,121.83081,18.89684577982132,-9.82756622982106,686.0635860453532,8.075210988165566,-0.12831352125039175,474.7235680944731,0.017030242632530786,-0.014507807912640879,tagStandard41h12
0,519,0,118.33213,14.269119542993053,2.7125401054773857,714.7516300500845,4.684928516483979,8.429913063192544,474.9317497186544,0.009741933650174858,0.0035441162636927503,tagStandard41h12
0,520,0,120.1099,15.580087374212324,-10.341181776798296,743.6281869516055,5.347432708133169,-0.2055916860818463,475.04985311154525,0.011178616060719593,-0.014359366971881312,tagStandard41h12
0,521,0,127.75476,0.21425223036965121,-9.404688399205725,772.1607158881584,-4.333375230734532,0.719331390002481,475.3346563310626,-0.00941847977682839,-0.01261721205908963,tagStandard41h12
0,522,0,118.633514,-6.400944544300046,-0.3483026752924153,801.1923219399674,-8.028564034237434,6.493707933154099,475.7672007891457,-0.017199516168759914,-0.0005346133655813821,tagStandard41h12
0,555,0,111.77243,14.306837026866162,1.795547472967483,458.22339177528005,7.6211154737025035,9.010581823635617,500.1146359232062,0.015283136778327756,0.004296536119740934,tagStandard41h12
0,556,1,124.6475,9.205669031517969,-12.72911949656333,486.8080570693257,2.0513732148889394,-5.960693332000687,500.0159522029679,0.004095004261061686,-0.025597546314754322,tagStandard41h12
0,557,0,128.24075,8.796882229546327,-0.9450215408960514,515.2883039751431,1.70724998426465,6.064733748230594,500.46224787248946,0.0029869913124152708,-0.001591594688602327,tagStandard41h12
0,558,0,138.3188,13.499484154383367,-2.7462159882705937,543.8805631278252,5.84280298078079,4.437699190740715,500.67461895017084,0.011467330885938213,-0.00480745732881697,tagStandard41h12
0,559,0,136.75494,14.668982739273588,-1.0476800092443472,572.3817133806481,6.5566367817399405,5.887521216387028,500.9516213931906,0.012964304290555815,-0.0018248558457580315,tagStandard41h12
0,560,0,123.7302,11.981183168344046,-2.103817819311645,600.9016904990203,4.04532254011781,4.906586883768795,501.1950960447265,0.007931561658681151,-0.003527113834545817,tagStandard41h12
0,561,0,118.44056,20.358217941813677,-3.9767791359363427,629.5142887926027,10.493523353828436,3.4285530087934135,501.3526119890962,0.020839412907635333,-0.006442438226879116,tagStandard41h12
0,562,0,126.50303,6.999491511348537,-7.3961325453320805,657.838616929933,-0.25043942505578787,1.1282329137889064,501.5663915976051,-0.0005761231320564828,-0.011429166972518893,tagStandard41h12
0,563,0,131.93196,3.7023824182944063,5.677911635822169,686.5926925227948,-2.6426315702533985,10.865781264139684,501.7506966024796,-0.005264613770886035,0.008026663841190843,tagStandard41h12
0,564,0,115.8153,-8.171471642497407,8.052036093325116,715.4476617880657,-10.700631493169338,12.384014454241596,501.900317300084,-0.021654415606729323,0.01102593078222663,tagStandard41h12
0,565,0,122.27899,5.777742290409833,3.498066772051174,744.524073001501,-1.0378164082385968,9.134685771980742,502.01525801145016,-0.0021796264644029853,0.004335170888947973,tagStandard41h12
0,566,0,120.772835,-4.661767477102899,1.0731374876745583,773.3748924586826,-7.759815452422855,7.4744049981632665,502.3268559477524,-0.015605592029142613,0.0011157902431580449,tagStandard41h12
0,567,0,123.91856,4.93881952637537,6.2083886511628625,802.7726244525868,-1.5050587047279564,10.58758027362552,502.69252114330806,-0.003252637923184395,0.007202297468759852,tagStandard41h12
0,600,0,106.07391,-8.592493837414622,-5.4814249779649336,457.1501177034186,-18.192143485446763,0.6801776120637464,527.0702444576419,-0.03467972242088639,-0.011479410308745814,tagStandard41h12
0,601,0,104.99262,9.70980187986032,-10.883208266187355,486.10910321533646,2.5280260966320607,-4.9829688012662245,527.0255122064501,0.005065164979297741,-0.022227196724715098,tagStandard41h12
0,602,0,126.37221,-0.747294860636203,-4.669588261142167,514.5899179654613,-8.271892421920143,2.1515692443481393,527.4151900456035,-0.015776340037450903,-0.008665668573764086,tagStandard41h12
0,603,0,131.3727,25.266631486850315,3.785957803988364,543.807618959502,17.668479430203888,10.469864552152783,527.9653613879619,0.032990288392874885,0.007200303793265825,tagStandard41h12
0,604,0,123.31392,7.395530188715043,-0.615908954362113,572.270021325526,0.1548255873057095,6.285185618492278,527.9167058639532,0.00010025463519024668,-0.0010268241887455081,tagStandard41h12
0,605,0,129.75162,1.9699233837370673,-9.1606791116036,600.955220569506,-4.600785570768949,-1.3508287753030566,528.1188962624856,-0.008830964204831388,-0.015461535510786124,tagStandard41h12
0,606,0,132.24463,-6.053587802957963,5.329080209355767,629.4936683780619,-11.207164508914955,11.263273785794356,528.6197091569013,-0.020999348810036348,0.008441030684478497,tagStandard41h12
0,607,0,121.34849,4.412155906741872,-5.614834442890925,658.3666871354483,-2.3609626587261796,2.2151354652105515,528.560573794283,-0.004598960466909332,-0.008706362822197966,tagStandard41h12
0,608,0,137.00977,6.951922320834796,-6.177959448059256,687.3741970705116,-0.25279923191737885,1.9770808326837823,528.8279144004415,-0.000602591962203501,-0.009120763931097287,tagStandard41h12
0,609,0,116.86563,2.826098584385249,-4.29716288612974,716.3956718209888,-3.3870646908573003,3.52045826601011,528.8753370558383,-0.006469750012937652,-0.006290368254050711,tagStandard41h12
0,610,0,135.06049,10.200414396914878,-12.064446032627758,745.6758816888893,2.179177252882027,-1.9107801314780775,529.1158524601136,0.003906558241972145,-0.016327871260762898,tagStandard41h12
0,611,0,127.62949,8.505254737715518,5.964771548038242,774.9036053368762,0.7917693549616174,10.730014102153973,529.6603804278701,0.0012013146517386348,0.007262967205949642,tagStandard41h12
0,612,0,123.21669,7.793378034426723,0.08932507740280375,804.2465811174459,0.25075980418353166,6.61962993087775,529.9571773731276,0.0003350202277560614,-0.000389038891931116,tagStandard41h12
0,646,0,119.0311,7.544797180792215,-5.4480363928234405,485.3469932780598,0.32126352522925583,0.8607044108648552,554.6812228785639,0.0005282653447128019,-0.01095638998704171,tagStandard41h12
0,647,0,120.65243,6.683984475149258,-3.8396855594968438,514.1640192992356,-0.7702084914467374,3.0138108994825643,554.8081878895237,-0.0014141737366718393,-0.007077332718019057,tagStandard41h12
0,648,0,132.26659,12.761784950835022,-6.91640867722913,543.3372010977386,5.371716947683012,-0.14864138067275756,554.9746033347262,0.009803093510266918,-0.012673824795561863,tagStandard41h12
0,649,0,125.874245,13.907493377303354,-4.402823877028711,572.15659161093,6.4183719055189385,2.828440035331254,555.3964196576061,0.011385245227180988,-0.007553162245650025,tagStandard41h12
0,650,0,117.99408,4.849607230441735,5.016523539317858,601.0810476662283,-2.2741228524920403,11.5462180487051,555.8117238322576,-0.004134526998373196,0.008280170701372994,tagStandard41h12
0,651,0,116.014824,12.451831796548163,-0.047260422056412316,630.0735240232965,4.617067797806272,6.7700020721511,556.009047125181,0.008228116630247957,-0.00029659052169884873,tagStandard41h12
0,652,0,129.99492,4.6321960963439315,-5.166537650484089,659.0316893122737,-2.3293035011568004,2.516338442414622,556.0025910229075,-0.004292796304036646,-0.008131825729113662,tagStandard41h12
0,653,0,135.49757,7.8257401077812565,-5.15077082767607,688.168265202487,0.4010937623412477,2.6410694232129117,556.3511486389187,0.0006478589718163585,-0.007816529810803035,tagStandard41h12
0,654,0,125.99466,6.431075571762676,-0.8985788839715959,717.3204529678079,-0.722786393661294,6.286204318126124,556.6709291658817,-0.0013184809719075114,-0.0014092320867384463,tagStandard41h12
0,655,0,129.61024,4.2372133709100135,4.482668083944417,746.8212280079869,-2.4289116515222973,10.111525300133962,556.8957490656734,-0.004359415343837912,0.00552150308636487,tagStandard41h12
0,656,0,129.80386,13.059518772823253,-6.163268439606556,776.1801694041151,4.020775778506845,2.3402016641414316,557.1129397373293,0.007145327736831878,-0.008391864990093919,tagStandard41h12
